TX_RX,step,group,BFIC,channel,value
1,85,9,3,2,0.3353389612227119+0.03761367293193396j
