TX_RX,step,group,BFIC,channel,value
0,85,1,0,0,0.6510972940572097+0.6107445107323152j
