TX_RX,step,group,BFIC,channel,value
1,85,3,0,2,0.6253341540557127+0.26810610806979474j
