TX_RX,step,group,BFIC,channel,value
1,0,6,0,2,0.19897352546286518+0.5911956696874539j
