TX_RX,step,group,BFIC,channel,value
0,170,14,3,0,0.9546571414743491+0.1689845274400228j
