TX_RX,step,group,BFIC,channel,value
0,255,9,0,3,0.3111597061228234+0.743245353166748j
