TX_RX,step,group,BFIC,channel,value
0,170,15,2,0,0.01143492064123186+0.23248253273239516j
