TX_RX,step,group,BFIC,channel,value
1,85,6,1,3,0.27088573979451724+0.9738511799147787j
