TX_RX,step,group,BFIC,channel,value
0,170,0,3,2,0.7015517425676322+0.5981342468664261j
