TX_RX,step,group,BFIC,channel,value
0,170,8,1,3,0.15309403106321606+0.9504774785633866j
