TX_RX,step,group,BFIC,channel,value
1,85,5,1,1,0.7991779491523888+0.6577544011688169j
