TX_RX,step,group,BFIC,channel,value
1,170,9,3,2,0.9937350393633236+0.8122040594521033j
