TX_RX,step,group,BFIC,channel,value
1,255,12,2,3,0.5229402928497136+0.4126600771782175j
