TX_RX,step,group,BFIC,channel,value
1,0,4,1,3,0.6376335231835568+0.5785872702303642j
