TX_RX,step,group,BFIC,channel,value
0,170,6,1,2,0.8184416561626732+0.28275432968097414j
