TX_RX,step,group,BFIC,channel,value
0,85,15,2,1,0.6266846488545941+0.7497499236288122j
