TX_RX,step,group,BFIC,channel,value
0,255,9,1,1,0.07788494612608365+0.4234715742476324j
