TX_RX,step,group,BFIC,channel,value
1,85,8,2,1,0.8002193079407554+0.9314061453179487j
