TX_RX,step,group,BFIC,channel,value
1,255,5,2,3,0.93392398255389+0.4411588843210247j
