TX_RX,step,group,BFIC,channel,value
0,170,13,0,0,0.05909868629644277+0.011924432372313554j
