TX_RX,step,group,BFIC,channel,value
1,255,0,2,1,0.7355143839125163+0.4503135891974215j
