TX_RX,step,group,BFIC,channel,value
1,0,14,3,2,0.09814212667232003+0.5059371583621713j
