TX_RX,step,group,BFIC,channel,value
0,85,0,1,2,0.030911455990925485+0.5399532599546433j
