TX_RX,step,group,BFIC,channel,value
0,0,7,3,3,0.40822443309461887+0.40938697401740864j
