TX_RX,step,group,BFIC,channel,value
0,170,8,3,1,0.6106136238943892+0.16046257320517732j
