TX_RX,step,group,BFIC,channel,value
0,0,0,3,3,0.3850231511110769+0.6016386324803972j
