TX_RX,step,group,BFIC,channel,value
1,170,3,3,3,0.9072275076661035+0.6052483039413898j
