TX_RX,step,group,BFIC,channel,value
1,85,4,3,0,0.7138778786668604+0.6388871374152636j
