TX_RX,step,group,BFIC,channel,value
0,255,1,1,3,0.06951687408956286+0.09649180650357936j
