TX_RX,step,group,BFIC,channel,value
0,0,13,3,0,0.3404265203459518+0.2546140170523211j
