TX_RX,step,group,BFIC,channel,value
0,85,8,0,2,0.11242106250332229+0.9944364224370457j
