TX_RX,step,group,BFIC,channel,value
0,255,11,0,1,0.1011292965931806+0.44219233407783454j
