TX_RX,step,group,BFIC,channel,value
1,85,5,2,2,0.16754548645838885+0.581511520237195j
