TX_RX,step,group,BFIC,channel,value
0,255,13,3,1,0.050051469203407306+0.17162465324120324j
