TX_RX,step,group,BFIC,channel,value
1,255,2,0,1,0.4182987594566382+0.4748606697272768j
