TX_RX,step,group,BFIC,channel,value
0,85,2,2,0,0.5586860235792716+0.9964376273000718j
