TX_RX,step,group,BFIC,channel,value
0,0,8,3,2,0.12369649366649738+0.27848539530785676j
