TX_RX,step,group,BFIC,channel,value
1,170,10,1,3,0.9489623002341084+0.09431226737177001j
