TX_RX,step,group,BFIC,channel,value
1,85,0,1,0,0.9650504563188824+0.054082443111763356j
