TX_RX,step,group,BFIC,channel,value
0,170,0,1,1,0.2883317445265662+0.4806531771356559j
