TX_RX,step,group,BFIC,channel,value
0,255,7,3,2,0.87169606601567+0.6083339059684135j
