TX_RX,step,group,BFIC,channel,value
1,0,0,0,1,0.8558448749994211+0.27686821967850916j
