TX_RX,step,group,BFIC,channel,value
1,255,9,0,1,0.29323098841651407+0.7833767428730907j
