TX_RX,step,group,BFIC,channel,value
0,170,9,1,2,0.8315671296668926+0.7034359012572692j
