TX_RX,step,group,BFIC,channel,value
0,0,5,3,3,0.03018813527954034+0.6476053069170787j
