TX_RX,step,group,BFIC,channel,value
0,85,1,1,1,0.8274250881343661+0.6517672990587404j
