TX_RX,step,group,BFIC,channel,value
0,170,8,2,1,0.8378072035316907+0.40096413419369425j
