TX_RX,step,group,BFIC,channel,value
1,85,10,2,2,0.7979707294666988+0.5523169548766955j
