TX_RX,step,group,BFIC,channel,value
1,170,9,2,2,0.16369966780588174+0.8415393442653748j
