TX_RX,step,group,BFIC,channel,value
0,0,5,2,0,0.027901485557416006+0.18796286793151662j
