TX_RX,step,group,BFIC,channel,value
1,0,6,3,1,0.5647221645942401+0.09929498667308545j
