TX_RX,step,group,BFIC,channel,value
1,85,15,2,2,0.7593566275809237+0.5455903080316692j
