TX_RX,step,group,BFIC,channel,value
0,255,7,2,3,0.6271437040849529+0.787643316448169j
