TX_RX,step,group,BFIC,channel,value
0,85,11,3,2,0.17465181879906622+0.9268749943359521j
