TX_RX,step,group,BFIC,channel,value
1,85,14,2,1,0.9416974169551056+0.43812064742163104j
