TX_RX,step,group,BFIC,channel,value
1,255,3,3,0,0.007031483142380668+0.7967478753282975j
