TX_RX,step,group,BFIC,channel,value
0,85,10,0,1,0.581395159358247+0.16305126018414895j
