TX_RX,step,group,BFIC,channel,value
1,0,9,1,0,0.39440415593233047+0.7530669533752464j
