TX_RX,step,group,BFIC,channel,value
1,170,3,3,0,0.44791789061597853+0.33143197792099954j
