TX_RX,step,group,BFIC,channel,value
0,0,3,0,1,0.09666173129608824+0.7654487017478605j
