TX_RX,step,group,BFIC,channel,value
0,170,2,3,0,0.27050790823689197+0.44633336166137294j
