TX_RX,step,group,BFIC,channel,value
0,85,11,0,2,0.2611680816854325+0.8777519130516183j
