TX_RX,step,group,BFIC,channel,value
0,85,6,0,0,0.6888123883723903+0.24250354482916192j
