TX_RX,step,group,BFIC,channel,value
0,170,3,1,3,0.10385363545645376+0.9058745597071062j
