TX_RX,step,group,BFIC,channel,value
0,85,13,1,3,0.9906821424001291+0.015211453328915603j
