TX_RX,step,group,BFIC,channel,value
0,255,5,3,0,0.026379665590435364+0.30710068423480175j
