TX_RX,step,group,BFIC,channel,value
1,85,15,1,0,0.4530891608795763+0.15817310617450875j
