TX_RX,step,group,BFIC,channel,value
1,170,12,1,3,0.5259268712649894+0.30846897344973545j
