TX_RX,step,group,BFIC,channel,value
1,255,3,2,0,0.5272269447531732+0.31987433096919016j
