TX_RX,step,group,BFIC,channel,value
0,170,6,1,3,0.4909825871939908+0.499730465366342j
