TX_RX,step,group,BFIC,channel,value
1,170,14,3,0,0.006695636512870418+0.6587051994922958j
