TX_RX,step,group,BFIC,channel,value
1,0,7,2,1,0.5236469968082482+0.5829127741054569j
