TX_RX,step,group,BFIC,channel,value
1,85,8,1,1,0.3495363412561364+0.35348939956218417j
