TX_RX,step,group,BFIC,channel,value
1,85,9,0,1,0.8139834530859876+0.03070432192910033j
