TX_RX,step,group,BFIC,channel,value
1,0,2,0,2,0.12233868006104576+0.5596056943458194j
