TX_RX,step,group,BFIC,channel,value
1,85,3,2,3,0.8314747798870198+0.662534257075339j
