TX_RX,step,group,BFIC,channel,value
0,170,6,0,2,0.7210386806489406+0.22440587026131376j
