TX_RX,step,group,BFIC,channel,value
0,170,8,0,3,0.10095079221507641+0.14919819586598693j
