TX_RX,step,group,BFIC,channel,value
0,0,8,2,0,0.23577442516168112+0.9361607129280005j
