TX_RX,step,group,BFIC,channel,value
1,255,9,2,0,0.6996587896515781+0.055963826960301666j
