TX_RX,step,group,BFIC,channel,value
1,0,0,3,1,0.0023489002173829876+0.9786718902682814j
