TX_RX,step,group,BFIC,channel,value
0,0,9,2,2,0.6208511018332967+0.34874459018779425j
