TX_RX,step,group,BFIC,channel,value
0,0,9,1,0,0.28538621666975406+0.7906743194516855j
