TX_RX,step,group,BFIC,channel,value
1,170,12,1,0,0.2906543160816627+0.19813918979722966j
