TX_RX,step,group,BFIC,channel,value
1,85,1,3,2,0.6980031080140077+0.20372557729350738j
