TX_RX,step,group,BFIC,channel,value
0,85,1,3,3,0.050728514801357316+0.37268030327707147j
