TX_RX,step,group,BFIC,channel,value
1,170,15,2,1,0.2988308299050031+0.2624423430109456j
