TX_RX,step,group,BFIC,channel,value
1,255,10,1,1,0.33645811341889675+0.05039682874477669j
