TX_RX,step,group,BFIC,channel,value
1,85,11,1,2,0.3935776999507119+0.5262519205719008j
