TX_RX,step,group,BFIC,channel,value
0,0,3,0,0,0.05441025940859445+0.38185900449161814j
