TX_RX,step,group,BFIC,channel,value
1,85,15,1,1,0.03867771892673655+0.31903666826400123j
