TX_RX,step,group,BFIC,channel,value
0,255,15,0,3,0.5783245782048199+0.8461764282620611j
