TX_RX,step,group,BFIC,channel,value
0,255,9,3,0,0.5983968041094639+0.9799382409723072j
