TX_RX,step,group,BFIC,channel,value
0,170,8,0,1,0.25283390492491675+0.998938905572324j
