TX_RX,step,group,BFIC,channel,value
0,85,0,2,2,0.7167740450035928+0.976125834522509j
