TX_RX,step,group,BFIC,channel,value
0,85,2,0,1,0.5641659761079556+0.7314751767172304j
