TX_RX,step,group,BFIC,channel,value
0,255,6,1,0,0.06222289825880778+0.004260309356835412j
