TX_RX,step,group,BFIC,channel,value
1,85,11,3,0,0.7107701067848139+0.29751447158741084j
