TX_RX,step,group,BFIC,channel,value
1,170,8,1,3,0.41721570521997764+0.03971776800337323j
