TX_RX,step,group,BFIC,channel,value
0,170,10,3,1,0.4304117717712852+0.4941498219209933j
