TX_RX,step,group,BFIC,channel,value
0,255,14,1,3,0.047796445576578694+0.6587715805200685j
