TX_RX,step,group,BFIC,channel,value
1,255,6,3,1,0.9966268529890434+0.7906630070718605j
