TX_RX,step,group,BFIC,channel,value
1,0,4,3,3,0.7118072658305392+0.7593239636291862j
