TX_RX,step,group,BFIC,channel,value
1,0,15,0,2,0.2679814748325544+0.6685268016990761j
