TX_RX,step,group,BFIC,channel,value
1,0,5,2,2,0.4501914142804402+0.3874098220886306j
