TX_RX,step,group,BFIC,channel,value
1,85,4,3,2,0.7860803869447031+0.019165491379680155j
