TX_RX,step,group,BFIC,channel,value
1,85,10,2,1,0.6373084775792304+0.15248113539607566j
