TX_RX,step,group,BFIC,channel,value
1,255,12,1,0,0.1279809972612873+0.5612156957775373j
