TX_RX,step,group,BFIC,channel,value
1,85,7,0,1,0.9459020738705471+0.9877727476190328j
