TX_RX,step,group,BFIC,channel,value
1,255,6,1,3,0.415014192112921+0.7957555225145527j
