TX_RX,step,group,BFIC,channel,value
1,170,6,3,3,0.009572734784381476+0.810646218752928j
