TX_RX,step,group,BFIC,channel,value
0,0,6,0,2,0.604079641489467+0.4519611528513259j
