TX_RX,step,group,BFIC,channel,value
1,170,0,1,0,0.8318711038234734+0.7568612067182404j
