TX_RX,step,group,BFIC,channel,value
0,0,2,3,2,0.8398064883493541+0.3866546027482889j
