TX_RX,step,group,BFIC,channel,value
1,85,14,2,2,0.020852311083519814+0.7721779098702028j
