TX_RX,step,group,BFIC,channel,value
0,0,1,1,0,0.877946479273133+0.19356601234452964j
