TX_RX,step,group,BFIC,channel,value
1,0,5,0,2,0.4178977895610122+0.39915318311873593j
