TX_RX,step,group,BFIC,channel,value
0,255,15,2,1,0.875276669159268+0.9349045338085605j
