TX_RX,step,group,BFIC,channel,value
1,0,4,2,3,0.7696662244856436+0.6219398343461393j
