TX_RX,step,group,BFIC,channel,value
1,0,11,1,3,0.26347527828596984+0.1689482538379733j
