TX_RX,step,group,BFIC,channel,value
1,85,15,1,3,0.19039250952703057+0.3495456642789244j
