TX_RX,step,group,BFIC,channel,value
0,255,14,1,2,0.3710226366667052+0.45171545589701045j
