TX_RX,step,group,BFIC,channel,value
0,255,4,0,1,0.6553937143462709+0.5192973907161098j
