TX_RX,step,group,BFIC,channel,value
0,170,2,3,1,0.4922060201527412+0.030524331188311438j
