TX_RX,step,group,BFIC,channel,value
1,255,3,1,3,0.10962671708608862+0.14736460168081722j
