TX_RX,step,group,BFIC,channel,value
0,85,2,3,2,0.9024166916556814+0.392334967642057j
