TX_RX,step,group,BFIC,channel,value
0,170,1,3,3,0.23160117913663436+0.3945669185953429j
