TX_RX,step,group,BFIC,channel,value
0,85,12,3,3,0.7910588932432363+0.9538470080646416j
