TX_RX,step,group,BFIC,channel,value
0,0,1,1,3,0.34479425983996714+0.46312152722800604j
