TX_RX,step,group,BFIC,channel,value
1,255,1,2,1,0.9899749484194856+0.3000304550813351j
