TX_RX,step,group,BFIC,channel,value
0,255,1,0,1,0.504381402981151+0.1833991549569317j
