TX_RX,step,group,BFIC,channel,value
0,170,8,3,0,0.8298759250274792+0.18567122319886553j
