TX_RX,step,group,BFIC,channel,value
0,85,5,2,3,0.7115403950151518+0.19797145677403816j
