TX_RX,step,group,BFIC,channel,value
0,0,1,0,0,0.2878344069760682+0.37076988771725605j
