TX_RX,step,group,BFIC,channel,value
1,0,2,1,3,0.34329275498568756+0.5642424452035507j
