TX_RX,step,group,BFIC,channel,value
1,85,4,1,1,0.8667830510025416+0.6500354402284321j
