TX_RX,step,group,BFIC,channel,value
0,170,3,1,1,0.21818703737867828+0.8923659569565896j
