TX_RX,step,group,BFIC,channel,value
0,85,3,3,3,0.8699489649316343+0.1847673791362503j
