TX_RX,step,group,BFIC,channel,value
1,0,13,2,0,0.6344047996100173+0.25506551392751964j
