TX_RX,step,group,BFIC,channel,value
0,0,14,3,2,0.05592987639504021+0.20995370489877474j
