TX_RX,step,group,BFIC,channel,value
0,170,4,0,2,0.1501503104078925+0.021979637714800493j
