TX_RX,step,group,BFIC,channel,value
1,170,12,1,1,0.2801229992150349+0.5040059591241782j
