TX_RX,step,group,BFIC,channel,value
1,85,1,3,3,0.11244234689509369+0.2600043708879384j
