TX_RX,step,group,BFIC,channel,value
1,85,5,1,2,0.9457587294245552+0.2976946031522777j
