TX_RX,step,group,BFIC,channel,value
1,170,10,3,2,0.46406846904462185+0.25257027846362656j
