TX_RX,step,group,BFIC,channel,value
0,0,13,3,2,0.5280984654588803+0.5843177216001444j
