TX_RX,step,group,BFIC,channel,value
1,170,8,2,0,0.239617510660335+0.9252405465761196j
