TX_RX,step,group,BFIC,channel,value
0,255,8,0,0,0.0490128971696252+0.8105025248810716j
