TX_RX,step,group,BFIC,channel,value
1,170,2,3,3,0.925477128378406+0.6645731177388227j
