TX_RX,step,group,BFIC,channel,value
1,0,10,1,0,0.19019219430994372+0.2736579134868037j
