TX_RX,step,group,BFIC,channel,value
0,0,14,2,2,0.937304597467677+0.5930082621402667j
