TX_RX,step,group,BFIC,channel,value
0,170,13,1,2,0.9061724314815378+0.1104199363423839j
