TX_RX,step,group,BFIC,channel,value
0,255,2,2,0,0.3457206036714007+0.4094619467924432j
