TX_RX,step,group,BFIC,channel,value
1,85,0,0,3,0.08252476124804209+0.3150484266397414j
