TX_RX,step,group,BFIC,channel,value
0,170,1,1,3,0.639477426866903+0.7265004336863656j
