TX_RX,step,group,BFIC,channel,value
1,255,4,1,0,0.636475625960619+0.6162253845979695j
