TX_RX,step,group,BFIC,channel,value
0,85,8,3,3,0.45829113091165685+0.9054214061039927j
