TX_RX,step,group,BFIC,channel,value
0,170,7,3,3,0.8851701356640257+0.3398450566855038j
