TX_RX,step,group,BFIC,channel,value
1,170,1,2,2,0.8606320332612775+0.5892537519398244j
