TX_RX,step,group,BFIC,channel,value
0,0,6,1,2,0.5484895091599318+0.739627987844279j
