TX_RX,step,group,BFIC,channel,value
0,170,6,2,0,0.4440804054998111+0.895786583827177j
