TX_RX,step,group,BFIC,channel,value
1,0,1,3,1,0.5107434255556161+0.40261714972393603j
