TX_RX,step,group,BFIC,channel,value
1,85,0,3,0,0.4678825204489172+0.4997409387803454j
