TX_RX,step,group,BFIC,channel,value
1,170,15,0,3,0.7985111372489063+0.67633964457823j
