TX_RX,step,group,BFIC,channel,value
0,0,13,0,3,0.12151832143440766+0.12808238549473228j
