TX_RX,step,group,BFIC,channel,value
1,0,1,1,0,0.825549779338024+0.10375069602673337j
