TX_RX,step,group,BFIC,channel,value
1,255,5,1,1,0.8800256998853397+0.8356819182352572j
