TX_RX,step,group,BFIC,channel,value
1,85,11,0,0,0.22346842669455913+0.48839915814254087j
