TX_RX,step,group,BFIC,channel,value
0,0,4,1,3,0.9955067848039738+0.3978649183441312j
