TX_RX,step,group,BFIC,channel,value
0,85,5,0,0,0.11630720851028553+0.29663934018295535j
