TX_RX,step,group,BFIC,channel,value
1,170,11,3,3,0.3394300288677249+0.010192915219269572j
