TX_RX,step,group,BFIC,channel,value
0,0,14,0,0,0.850675196933709+0.14907326313145997j
