TX_RX,step,group,BFIC,channel,value
1,0,11,3,0,0.7075549392764335+0.30767209414637153j
