TX_RX,step,group,BFIC,channel,value
1,0,9,1,1,0.05862278417682698+0.018043932029505716j
