TX_RX,step,group,BFIC,channel,value
1,0,3,1,0,0.6214879295812671+0.10978512369048621j
