TX_RX,step,group,BFIC,channel,value
1,85,1,1,0,0.9845872793134681+0.3387741737734945j
