TX_RX,step,group,BFIC,channel,value
1,170,15,3,3,0.10003001791041977+0.09716335093824335j
