TX_RX,step,group,BFIC,channel,value
1,85,9,2,1,0.31542180197097525+0.6926603171403866j
