TX_RX,step,group,BFIC,channel,value
1,170,5,2,0,0.9766536140123361+0.5222270888733582j
