TX_RX,step,group,BFIC,channel,value
1,85,10,0,0,0.49829723711640017+0.07407374426810742j
