TX_RX,step,group,BFIC,channel,value
1,0,5,1,0,0.8276635782575865+0.9621832527127515j
