TX_RX,step,group,BFIC,channel,value
1,85,6,2,2,0.6953283567783136+0.716606609564907j
