TX_RX,step,group,BFIC,channel,value
1,255,8,2,0,0.4964327148298274+0.2643394179644666j
