TX_RX,step,group,BFIC,channel,value
1,0,3,0,2,0.6435569017836523+0.08577794847404863j
