TX_RX,step,group,BFIC,channel,value
0,255,5,1,2,0.27448635173264246+0.48243910624549313j
