TX_RX,step,group,BFIC,channel,value
0,255,11,3,2,0.509173384291265+0.8788623744703905j
