TX_RX,step,group,BFIC,channel,value
0,85,9,3,2,0.2957570171286483+0.7553722348959419j
