TX_RX,step,group,BFIC,channel,value
1,170,1,0,0,0.3067689315382589+0.47339829808407996j
