TX_RX,step,group,BFIC,channel,value
0,85,15,1,0,0.2886170904183545+0.07564999402915529j
