TX_RX,step,group,BFIC,channel,value
0,85,7,3,3,0.3191392505496813+0.36196851408114317j
