TX_RX,step,group,BFIC,channel,value
1,170,13,3,2,0.7165308278601246+0.46485272082848295j
