TX_RX,step,group,BFIC,channel,value
1,85,1,0,0,0.5319066258683388+0.09691356020093733j
