TX_RX,step,group,BFIC,channel,value
1,255,15,0,1,0.34873511023051373+0.5101880407889251j
