TX_RX,step,group,BFIC,channel,value
0,0,6,2,2,0.1505551641474948+0.70448166575997j
