TX_RX,step,group,BFIC,channel,value
1,255,8,1,0,0.15123392644325218+0.2872281642014891j
