TX_RX,step,group,BFIC,channel,value
0,85,2,0,3,0.11857042923818939+0.47221269887379724j
