TX_RX,step,group,BFIC,channel,value
0,0,1,3,2,0.6837720005132016+0.14048199300446007j
