TX_RX,step,group,BFIC,channel,value
1,85,9,0,3,0.465156685355705+0.7215745654230656j
