TX_RX,step,group,BFIC,channel,value
1,255,4,1,2,0.6089603948134966+0.5025909816696351j
