TX_RX,step,group,BFIC,channel,value
1,85,12,3,2,0.3878858312817276+0.7711420284341359j
