TX_RX,step,group,BFIC,channel,value
1,0,1,2,2,0.015312149920895468+0.30655299336851183j
