TX_RX,step,group,BFIC,channel,value
0,0,6,0,3,0.732451013436629+0.3517957762391365j
