TX_RX,step,group,BFIC,channel,value
1,255,1,2,3,0.09731590905449772+0.37210003063382713j
