TX_RX,step,group,BFIC,channel,value
0,255,11,1,3,0.04977729179431867+0.5631396573770927j
