TX_RX,step,group,BFIC,channel,value
0,85,2,0,0,0.5178449366328256+0.16692232976271937j
