TX_RX,step,group,BFIC,channel,value
1,85,7,3,3,0.03596126303828273+0.9725927177908873j
