TX_RX,step,group,BFIC,channel,value
0,85,13,3,0,0.41724666808033006+0.649326135278429j
