TX_RX,step,group,BFIC,channel,value
1,85,11,3,3,0.1959252332602862+0.04509419515492541j
