TX_RX,step,group,BFIC,channel,value
0,85,6,0,1,0.3190695251799295+0.8354260189645102j
