TX_RX,step,group,BFIC,channel,value
0,85,14,3,2,0.8150149762072286+0.5722010107394423j
