TX_RX,step,group,BFIC,channel,value
1,255,3,2,2,0.605819550777271+0.4355972069979397j
