TX_RX,step,group,BFIC,channel,value
0,255,8,1,1,0.7372582546908756+0.32189416260447146j
