TX_RX,step,group,BFIC,channel,value
1,0,13,3,3,0.5504441336057699+0.3116336053256983j
