TX_RX,step,group,BFIC,channel,value
0,255,3,2,1,0.8028181495111222+0.6591267710307046j
