TX_RX,step,group,BFIC,channel,value
0,0,8,2,2,0.9739453228046685+0.22481779309191818j
