TX_RX,step,group,BFIC,channel,value
1,255,4,0,2,0.14725450945538043+0.47824576410230557j
