TX_RX,step,group,BFIC,channel,value
0,0,15,0,2,0.9033570789211867+0.14263495411068106j
