TX_RX,step,group,BFIC,channel,value
1,255,15,3,1,0.8888421848101558+0.46864854871477746j
