TX_RX,step,group,BFIC,channel,value
0,255,1,1,0,0.9934782836841307+0.12010332597190432j
