TX_RX,step,group,BFIC,channel,value
1,255,7,0,2,0.75431301039621+0.7879016662656947j
