TX_RX,step,group,BFIC,channel,value
0,85,13,2,3,0.7700358276189417+0.29028136547607397j
