TX_RX,step,group,BFIC,channel,value
1,0,1,2,3,0.4297817434089499+0.7560138317889926j
