TX_RX,step,group,BFIC,channel,value
0,85,5,1,2,0.12881430139741268+0.9960710002512349j
