TX_RX,step,group,BFIC,channel,value
0,170,1,1,1,0.7033505271455327+0.07346060351451367j
