TX_RX,step,group,BFIC,channel,value
1,0,1,3,3,0.6454320371973017+0.28300891182938825j
