TX_RX,step,group,BFIC,channel,value
0,170,6,2,3,0.06871543047482498+0.6479158471259382j
