TX_RX,step,group,BFIC,channel,value
0,255,10,2,3,0.2566671705105441+0.11571129589874751j
