TX_RX,step,group,BFIC,channel,value
1,0,12,0,2,0.5183738788221941+0.9947433135271552j
