TX_RX,step,group,BFIC,channel,value
0,170,2,1,3,0.22282488036009618+0.1467755348428641j
