TX_RX,step,group,BFIC,channel,value
0,255,9,2,2,0.6452850103812453+0.12845041067288843j
