TX_RX,step,group,BFIC,channel,value
0,170,11,0,1,0.5755972109920409+0.5371906480438589j
