TX_RX,step,group,BFIC,channel,value
0,255,8,2,0,0.7227057425146675+0.24197172374124343j
