TX_RX,step,group,BFIC,channel,value
1,0,4,3,0,0.27064797001873586+0.2945181166808418j
