TX_RX,step,group,BFIC,channel,value
0,170,5,1,1,0.31305471838272003+0.7434491951538212j
