TX_RX,step,group,BFIC,channel,value
0,0,10,0,1,0.23077244444694+0.28264196091129323j
