TX_RX,step,group,BFIC,channel,value
0,255,10,3,2,0.24309787505338976+0.10532410045773555j
