TX_RX,step,group,BFIC,channel,value
0,0,7,3,1,0.5956315897593489+0.29791890320653047j
