TX_RX,step,group,BFIC,channel,value
0,0,2,2,1,0.42262977684865044+0.38479472814212523j
