TX_RX,step,group,BFIC,channel,value
1,255,11,2,0,0.7552756982801596+0.11597753818199275j
