TX_RX,step,group,BFIC,channel,value
1,85,4,3,3,0.369075093197609+0.18390400578614519j
