TX_RX,step,group,BFIC,channel,value
1,85,3,2,0,0.11551466063189941+0.9153738268183578j
