TX_RX,step,group,BFIC,channel,value
0,85,8,0,1,0.3551578958542546+0.49377893177381926j
