TX_RX,step,group,BFIC,channel,value
0,85,8,3,0,0.5831671383104957+0.6328536974765543j
