TX_RX,step,group,BFIC,channel,value
1,170,10,0,3,0.3055005227427001+0.7042879489181896j
