TX_RX,step,group,BFIC,channel,value
0,170,7,0,0,0.9248281492131917+0.6282529588150134j
