TX_RX,step,group,BFIC,channel,value
0,255,9,2,3,0.4296222899108717+0.26183870616800764j
