TX_RX,step,group,BFIC,channel,value
0,170,2,0,1,0.3892504154699865+0.5224282490332605j
