TX_RX,step,group,BFIC,channel,value
1,85,9,2,0,0.4577106352290503+0.6601241063499119j
