TX_RX,step,group,BFIC,channel,value
0,85,2,3,1,0.48052904284223996+0.5075596018703437j
