TX_RX,step,group,BFIC,channel,value
1,0,7,1,1,0.8171572082483441+0.32868119599048895j
