TX_RX,step,group,BFIC,channel,value
1,170,3,3,2,0.2979948076293487+0.500416057300189j
