TX_RX,step,group,BFIC,channel,value
0,170,5,0,0,0.7129074876750019+0.989746231864361j
