TX_RX,step,group,BFIC,channel,value
1,255,9,0,2,0.9267427489369414+0.4182727359944586j
