TX_RX,step,group,BFIC,channel,value
0,255,6,3,1,0.42448333090053625+0.7736913727560338j
