TX_RX,step,group,BFIC,channel,value
0,0,3,1,0,0.9911364178454639+0.7620561078564171j
