TX_RX,step,group,BFIC,channel,value
1,85,13,0,0,0.9597432090304968+0.004955728136442739j
