TX_RX,step,group,BFIC,channel,value
1,255,13,1,1,0.8467527533977511+0.9165644474988878j
