TX_RX,step,group,BFIC,channel,value
1,85,7,3,1,0.2698586889219544+0.33584656937176316j
