TX_RX,step,group,BFIC,channel,value
0,0,11,1,2,0.658392882059566+0.7490299501518384j
