TX_RX,step,group,BFIC,channel,value
1,255,11,0,1,0.7663391547085522+0.616169338843226j
