TX_RX,step,group,BFIC,channel,value
1,170,9,0,1,0.4201943736620809+0.07824293561516737j
