TX_RX,step,group,BFIC,channel,value
0,0,8,0,1,0.4184758277440045+0.6340834545166142j
