TX_RX,step,group,BFIC,channel,value
0,0,13,1,2,0.4762403333473948+0.6462589782912869j
