TX_RX,step,group,BFIC,channel,value
1,170,11,1,1,0.3592710178864136+0.5242756766570627j
