TX_RX,step,group,BFIC,channel,value
1,255,6,0,3,0.7307686953067427+0.3248383316093534j
