TX_RX,step,group,BFIC,channel,value
0,0,9,1,3,0.5720984316960624+0.7634643938048749j
