TX_RX,step,group,BFIC,channel,value
0,85,6,2,3,0.23694904825018925+0.3027069539605365j
