TX_RX,step,group,BFIC,channel,value
1,0,1,0,1,0.027970736479177694+0.672461452150348j
