TX_RX,step,group,BFIC,channel,value
1,0,3,3,1,0.5414982822354399+0.21470219328668183j
