TX_RX,step,group,BFIC,channel,value
0,85,14,1,0,0.8031767228150054+0.35255351462995566j
