TX_RX,step,group,BFIC,channel,value
1,0,14,0,3,0.6896643585376492+0.15641777122339573j
