TX_RX,step,group,BFIC,channel,value
1,170,7,3,3,0.3303137927143176+0.7411363222960142j
