TX_RX,step,group,BFIC,channel,value
0,85,12,3,2,0.060647475254682726+0.7442845051172075j
