TX_RX,step,group,BFIC,channel,value
0,0,12,0,0,0.1518109047796954+0.5582343822718959j
