TX_RX,step,group,BFIC,channel,value
0,0,14,1,2,0.5874813538452047+0.8249955800207436j
