TX_RX,step,group,BFIC,channel,value
1,0,15,3,3,0.2860439334221212+0.24401243467729006j
