TX_RX,step,group,BFIC,channel,value
1,85,0,0,0,0.5932127444309873+0.38728880187106485j
