TX_RX,step,group,BFIC,channel,value
1,85,3,1,0,0.08769386694461911+0.8469355067774811j
