TX_RX,step,group,BFIC,channel,value
1,255,6,3,3,0.5126265842335618+0.9783796220277425j
