TX_RX,step,group,BFIC,channel,value
1,170,11,0,0,0.6849733592709272+0.21103496654685583j
