TX_RX,step,group,BFIC,channel,value
1,0,0,2,1,0.40961516311953217+0.2367819256109448j
