TX_RX,step,group,BFIC,channel,value
1,170,9,3,0,0.7122703688926622+0.593222393806623j
