TX_RX,step,group,BFIC,channel,value
0,170,11,2,0,0.3095387680677478+0.5360569171348988j
