TX_RX,step,group,BFIC,channel,value
0,255,8,3,3,0.04656458129504537+0.08630497103622747j
