TX_RX,step,group,BFIC,channel,value
1,170,12,0,0,0.6237530769988237+0.16845021928090587j
