TX_RX,step,group,BFIC,channel,value
0,0,5,0,1,0.9944268730532602+0.29318436608646414j
