TX_RX,step,group,BFIC,channel,value
0,255,10,1,3,0.1274040802000218+0.6064233014860365j
