TX_RX,step,group,BFIC,channel,value
0,170,15,0,3,0.8051345712773021+0.8092340375941552j
