TX_RX,step,group,BFIC,channel,value
1,255,1,0,2,0.9999869707823473+0.5907346322995506j
