TX_RX,step,group,BFIC,channel,value
1,85,10,0,2,0.25383071410096003+0.8847019183490004j
