TX_RX,step,group,BFIC,channel,value
0,255,4,3,2,0.5010536197095368+0.6280224292199394j
