TX_RX,step,group,BFIC,channel,value
1,255,14,0,1,0.021862093213427358+0.4337813295483053j
