TX_RX,step,group,BFIC,channel,value
0,0,8,0,0,0.5274902295886493+0.3436566567856748j
