TX_RX,step,group,BFIC,channel,value
1,170,15,2,3,0.53587969148181+0.4749483176186089j
