TX_RX,step,group,BFIC,channel,value
0,85,5,1,1,0.2499180148080039+0.10650201680589555j
