TX_RX,step,group,BFIC,channel,value
0,85,3,3,0,0.6521693653338373+0.5918329259940799j
