TX_RX,step,group,BFIC,channel,value
0,255,13,3,0,0.1869821038378+0.48929070849579037j
