TX_RX,step,group,BFIC,channel,value
0,0,14,1,3,0.6159252005149674+0.6427127544179617j
