TX_RX,step,group,BFIC,channel,value
1,85,5,3,2,0.6160227558421558+0.8108588359249622j
