TX_RX,step,group,BFIC,channel,value
1,0,6,1,1,0.2834890320583696+0.16361113250362058j
