TX_RX,step,group,BFIC,channel,value
1,170,3,0,2,0.5422875238014586+0.5800780694644697j
