TX_RX,step,group,BFIC,channel,value
1,170,10,0,2,0.5706933945984101+0.36168326440493903j
