TX_RX,step,group,BFIC,channel,value
1,85,13,3,2,0.016028098264643353+0.9817299989016174j
