TX_RX,step,group,BFIC,channel,value
1,170,5,3,3,0.7055200154927821+0.7948052724725211j
