TX_RX,step,group,BFIC,channel,value
1,85,13,0,1,0.559795742754708+0.48012286169517626j
