TX_RX,step,group,BFIC,channel,value
0,85,4,3,3,0.6744563701160965+0.9989150338902577j
