TX_RX,step,group,BFIC,channel,value
1,170,12,0,1,0.5549056570903742+0.9950863509996618j
