TX_RX,step,group,BFIC,channel,value
0,0,3,1,3,0.26780473595779697+0.6344427677803474j
