TX_RX,step,group,BFIC,channel,value
1,255,5,2,2,0.5209697279811385+0.16301672869054473j
