TX_RX,step,group,BFIC,channel,value
0,170,12,2,1,0.13810707840276326+0.8772946345899661j
