TX_RX,step,group,BFIC,channel,value
0,170,8,3,3,0.8244785985605472+0.9905595694674668j
