TX_RX,step,group,BFIC,channel,value
1,85,7,2,1,0.9458372276557301+0.6198672471136424j
