TX_RX,step,group,BFIC,channel,value
1,170,1,2,1,0.7189155538055045+0.30832443866521386j
