TX_RX,step,group,BFIC,channel,value
1,255,0,0,3,0.037278290283820015+0.25262373557966145j
