TX_RX,step,group,BFIC,channel,value
0,170,8,2,3,0.04047361503460689+0.5491732882674162j
