TX_RX,step,group,BFIC,channel,value
1,255,13,0,1,0.7029952304700607+0.05750741161134365j
