TX_RX,step,group,BFIC,channel,value
1,170,12,2,3,0.034795063417686345+0.4531118287372008j
