TX_RX,step,group,BFIC,channel,value
0,170,7,0,2,0.1891736112690623+0.8637654331405266j
