TX_RX,step,group,BFIC,channel,value
1,85,3,3,1,0.38665610475989665+0.8038371281489666j
