TX_RX,step,group,BFIC,channel,value
0,0,0,2,1,0.7319407613553509+0.34711045704539223j
