TX_RX,step,group,BFIC,channel,value
1,255,10,1,0,0.4850140231859048+0.6932339260124848j
