TX_RX,step,group,BFIC,channel,value
1,85,6,3,2,0.5339898218164447+0.9900673525227587j
