TX_RX,step,group,BFIC,channel,value
1,170,3,2,1,0.8713523441195424+0.3620066207944894j
