TX_RX,step,group,BFIC,channel,value
1,255,4,3,1,0.990133347404004+0.1448029779501543j
