TX_RX,step,group,BFIC,channel,value
0,85,10,1,0,0.6629211699542802+0.6596952042564372j
