TX_RX,step,group,BFIC,channel,value
1,0,1,1,3,0.9283521804944043+0.7422977035552717j
