TX_RX,step,group,BFIC,channel,value
1,255,2,3,3,0.17083380231676282+0.2771113052166413j
