TX_RX,step,group,BFIC,channel,value
1,255,3,3,1,0.83960823268229+0.8888568064641742j
