TX_RX,step,group,BFIC,channel,value
0,170,12,0,1,0.6761106423015502+0.9067073341559253j
