TX_RX,step,group,BFIC,channel,value
0,255,8,2,3,0.985197295010241+0.918487302334486j
