TX_RX,step,group,BFIC,channel,value
1,0,14,1,0,0.5101383275057291+0.47329180578038454j
