TX_RX,step,group,BFIC,channel,value
1,0,13,3,2,0.9553215287381567+0.5250399298705187j
