TX_RX,step,group,BFIC,channel,value
0,255,4,1,0,0.046436122954094716+0.26833376678493825j
