TX_RX,step,group,BFIC,channel,value
1,85,12,1,3,0.4023894738436249+0.6436423855484928j
