TX_RX,step,group,BFIC,channel,value
1,0,9,2,2,0.7921092327548298+0.7904550723135659j
