TX_RX,step,group,BFIC,channel,value
0,255,15,0,0,0.8031280968993838+0.003542784059847426j
