TX_RX,step,group,BFIC,channel,value
0,255,10,0,2,0.8471710417111178+0.9892096607752294j
