TX_RX,step,group,BFIC,channel,value
0,170,9,1,0,0.6426013749356326+0.5805609032866929j
