TX_RX,step,group,BFIC,channel,value
1,255,11,3,0,0.16704455650990901+0.2822664485870817j
