TX_RX,step,group,BFIC,channel,value
1,255,11,0,2,0.5562947467094623+0.0968562620699035j
