TX_RX,step,group,BFIC,channel,value
1,0,6,2,2,0.05045669850352519+0.5231915636929056j
