TX_RX,step,group,BFIC,channel,value
0,85,10,2,2,0.5746637378465712+0.5037907617463563j
