TX_RX,step,group,BFIC,channel,value
1,85,2,3,3,0.09756439653128568+0.5900702508654325j
