TX_RX,step,group,BFIC,channel,value
1,0,9,2,3,0.29594663353035267+0.43261378303972586j
