TX_RX,step,group,BFIC,channel,value
0,255,14,0,1,0.7608591395131578+0.14410871040708084j
