TX_RX,step,group,BFIC,channel,value
0,170,8,1,1,0.9780893669840905+0.6346066098979414j
