TX_RX,step,group,BFIC,channel,value
1,0,1,0,3,0.41697875818814323+0.3962790396454956j
