TX_RX,step,group,BFIC,channel,value
1,255,11,3,2,0.8956812195992179+0.987049215656453j
