TX_RX,step,group,BFIC,channel,value
0,85,10,3,2,0.6340499248207944+0.04827284544260568j
