TX_RX,step,group,BFIC,channel,value
1,255,4,2,2,0.5816827389511797+0.41421400628928384j
