TX_RX,step,group,BFIC,channel,value
1,170,12,3,0,0.11061797351773894+0.9666917865573501j
