TX_RX,step,group,BFIC,channel,value
0,85,5,2,2,0.6861818230124719+0.34022880342705053j
