TX_RX,step,group,BFIC,channel,value
1,85,8,3,0,0.8220920829467924+0.06248891007098023j
