TX_RX,step,group,BFIC,channel,value
0,85,9,1,1,0.5479267739089024+0.31407458603901706j
