TX_RX,step,group,BFIC,channel,value
1,255,14,1,3,0.9880223483806164+0.8767205237743555j
