TX_RX,step,group,BFIC,channel,value
0,255,0,1,2,0.31543859256161366+0.279794711138862j
