TX_RX,step,group,BFIC,channel,value
0,170,15,1,1,0.8615847093564355+0.1086999852630226j
