TX_RX,step,group,BFIC,channel,value
1,85,12,3,1,0.6149595717294377+0.6376799981833768j
