TX_RX,step,group,BFIC,channel,value
0,255,13,1,0,0.9932829882221546+0.5632080805841082j
