TX_RX,step,group,BFIC,channel,value
0,255,12,3,2,0.18617212095186986+0.3808078692786153j
