TX_RX,step,group,BFIC,channel,value
0,170,7,3,2,0.12135233914992227+0.7078955859196475j
