TX_RX,step,group,BFIC,channel,value
1,255,3,1,2,0.608340665029903+0.7551697122296386j
