TX_RX,step,group,BFIC,channel,value
1,170,12,3,1,0.25780692166229+0.7402608364266757j
