TX_RX,step,group,BFIC,channel,value
1,0,15,3,2,0.9209056824029306+0.4631268348084332j
