TX_RX,step,group,BFIC,channel,value
1,255,12,0,1,0.9157483763486252+0.15180127928150888j
