TX_RX,step,group,BFIC,channel,value
0,170,1,3,2,0.4370620817626647+0.08466003236525432j
