TX_RX,step,group,BFIC,channel,value
1,255,12,1,2,0.5361909315999587+0.11492739821515818j
