TX_RX,step,group,BFIC,channel,value
1,85,13,0,2,0.11532156975097851+0.3578884862240592j
