TX_RX,step,group,BFIC,channel,value
1,0,3,1,2,0.14208919847901402+0.12821569220909457j
