TX_RX,step,group,BFIC,channel,value
0,0,3,3,1,0.02626680195411424+0.8971271165186091j
