TX_RX,step,group,BFIC,channel,value
0,170,13,1,0,0.7935213388413356+0.9511645973640177j
