TX_RX,step,group,BFIC,channel,value
0,0,7,0,0,0.5370684218770735+0.8532417860036199j
