TX_RX,step,group,BFIC,channel,value
1,170,15,2,0,0.1540105383912066+0.6330517644698628j
