TX_RX,step,group,BFIC,channel,value
0,255,12,1,2,0.1729796714120141+0.8015370725923909j
