TX_RX,step,group,BFIC,channel,value
1,255,13,3,1,0.38085134598499815+0.8191050521787205j
