TX_RX,step,group,BFIC,channel,value
1,0,13,0,0,0.20558333588945366+0.2533061469933555j
