TX_RX,step,group,BFIC,channel,value
0,85,14,3,1,0.9966020642233908+0.980580741514729j
