TX_RX,step,group,BFIC,channel,value
1,170,8,0,0,0.9827770689290409+0.22706192319012486j
