TX_RX,step,group,BFIC,channel,value
0,0,13,0,2,0.5695239003611584+0.13127558636100778j
