TX_RX,step,group,BFIC,channel,value
0,170,8,0,0,0.16651398018864771+0.26334530375755605j
