TX_RX,step,group,BFIC,channel,value
1,255,4,0,3,0.04803833408534508+0.36246233461395916j
