TX_RX,step,group,BFIC,channel,value
1,85,1,2,1,0.8308730120353718+0.5423127009986286j
