TX_RX,step,group,BFIC,channel,value
1,255,15,3,0,0.5679798575439314+0.5592904225768524j
