TX_RX,step,group,BFIC,channel,value
0,85,6,1,1,0.42068011068272215+0.36532416234253473j
