TX_RX,step,group,BFIC,channel,value
1,255,12,2,1,0.6867372092304378+0.014293863752122382j
