TX_RX,step,group,BFIC,channel,value
0,0,2,3,0,0.7946313157064696+0.1264466045841075j
