TX_RX,step,group,BFIC,channel,value
0,170,0,0,0,0.8377624127037242+0.9763410796201085j
