TX_RX,step,group,BFIC,channel,value
1,255,4,3,0,0.20833070330316594+0.33551928268146647j
