TX_RX,step,group,BFIC,channel,value
1,85,12,0,3,0.6859421503099772+0.7217220935789914j
