TX_RX,step,group,BFIC,channel,value
0,0,0,2,3,0.899331460842293+0.9674095136756357j
