TX_RX,step,group,BFIC,channel,value
0,255,1,1,2,0.9685261610458766+0.8563678032148634j
