TX_RX,step,group,BFIC,channel,value
1,170,2,0,3,0.785040128290723+0.2108630818333581j
