TX_RX,step,group,BFIC,channel,value
1,255,3,1,1,0.9943033129847507+0.928503327361246j
