TX_RX,step,group,BFIC,channel,value
1,85,15,0,1,0.42907629031092065+0.804791209852186j
