TX_RX,step,group,BFIC,channel,value
1,0,8,2,1,0.41486456680444217+0.7877391373662501j
