TX_RX,step,group,BFIC,channel,value
0,170,11,1,1,0.8133793071661755+0.1833571064079531j
