TX_RX,step,group,BFIC,channel,value
1,255,13,2,3,0.7452713955845323+0.1698045980407078j
