TX_RX,step,group,BFIC,channel,value
1,0,12,3,3,0.14581986458740182+0.5748374049336606j
