TX_RX,step,group,BFIC,channel,value
1,255,11,2,3,0.879117751312385+0.9986159280148424j
