TX_RX,step,group,BFIC,channel,value
1,170,15,1,2,0.7871194088784947+0.4029052132198363j
