TX_RX,step,group,BFIC,channel,value
1,85,10,1,3,0.22027338331160295+0.92535394155312j
