TX_RX,step,group,BFIC,channel,value
0,170,5,3,2,0.8965462087509205+0.9150826241588659j
