TX_RX,step,group,BFIC,channel,value
1,170,7,2,3,0.6827819056019173+0.7825716337507722j
