TX_RX,step,group,BFIC,channel,value
1,85,13,2,0,0.3861299477193012+0.20193771604140698j
