TX_RX,step,group,BFIC,channel,value
1,255,14,1,0,0.14017789693071137+0.06816406409021136j
