TX_RX,step,group,BFIC,channel,value
1,170,0,2,1,0.9750155248926193+0.8706531853616701j
