TX_RX,step,group,BFIC,channel,value
0,170,5,2,3,0.325285176946849+0.6216001648288133j
