TX_RX,step,group,BFIC,channel,value
1,255,0,2,0,0.8757312144916083+0.39180128229191324j
