TX_RX,step,group,BFIC,channel,value
1,0,8,2,3,0.508181061155009+0.21666284248562073j
