TX_RX,step,group,BFIC,channel,value
0,255,2,0,3,0.8891697732384614+0.44507446292489683j
