TX_RX,step,group,BFIC,channel,value
1,85,1,1,2,0.6369964838121381+0.5124273365687992j
