TX_RX,step,group,BFIC,channel,value
0,255,15,3,2,0.9038084005524343+0.6652226234846795j
