TX_RX,step,group,BFIC,channel,value
1,170,14,2,0,0.403582688971981+0.22876667148114793j
