TX_RX,step,group,BFIC,channel,value
1,255,6,0,0,0.8095916377612691+0.8883914878494867j
