TX_RX,step,group,BFIC,channel,value
1,170,1,3,3,0.6574175753014698+0.9079813679648057j
