TX_RX,step,group,BFIC,channel,value
1,0,2,1,2,0.7219780488564368+0.7475291640346994j
