TX_RX,step,group,BFIC,channel,value
1,85,12,0,2,0.5243960312057868+0.9076849296516489j
