TX_RX,step,group,BFIC,channel,value
1,170,9,0,3,0.03363444080077871+0.09201350336892178j
