TX_RX,step,group,BFIC,channel,value
0,0,8,1,1,0.3827097336827181+0.18468847269511846j
