TX_RX,step,group,BFIC,channel,value
1,85,14,0,2,0.3331029420124184+0.49305612920332j
