TX_RX,step,group,BFIC,channel,value
0,85,7,3,1,0.6097063961245031+0.13212264626845627j
