TX_RX,step,group,BFIC,channel,value
1,170,8,1,0,0.9191104224952118+0.34170542226403267j
