TX_RX,step,group,BFIC,channel,value
0,255,5,1,1,0.8297475185266855+0.7939962729127438j
