TX_RX,step,group,BFIC,channel,value
0,255,1,2,0,0.9718692686361283+0.7934274828535846j
