TX_RX,step,group,BFIC,channel,value
1,0,5,2,1,0.12941799214110072+0.2901757527676241j
