TX_RX,step,group,BFIC,channel,value
0,85,11,0,0,0.3528768671472744+0.013028114037695326j
