TX_RX,step,group,BFIC,channel,value
0,0,2,2,2,0.3980152170415828+0.9294925757306534j
