TX_RX,step,group,BFIC,channel,value
1,0,14,3,3,0.5228410583255876+0.036789473651888005j
