TX_RX,step,group,BFIC,channel,value
1,255,8,2,3,0.7911792767349121+0.6033329871392998j
