TX_RX,step,group,BFIC,channel,value
1,170,4,0,0,0.8249719598646156+0.18246182205196948j
