TX_RX,step,group,BFIC,channel,value
0,170,15,2,3,0.33469344507520393+0.060922632161520385j
