TX_RX,step,group,BFIC,channel,value
0,255,9,3,1,0.8770927221781997+0.6269913010812187j
