TX_RX,step,group,BFIC,channel,value
0,0,9,0,3,0.836715602237924+0.8838902746932155j
