TX_RX,step,group,BFIC,channel,value
1,255,12,1,1,0.30702787211246607+0.6644619168964312j
