TX_RX,step,group,BFIC,channel,value
1,255,11,1,2,0.7336651065650324+0.6682439805952115j
