TX_RX,step,group,BFIC,channel,value
1,0,9,3,2,0.38775247864059403+0.7473678055376208j
