TX_RX,step,group,BFIC,channel,value
1,255,10,3,3,0.25489300080469457+0.2493206059055919j
