TX_RX,step,group,BFIC,channel,value
0,255,14,3,2,0.03988195747566592+0.6097648125620249j
