TX_RX,step,group,BFIC,channel,value
1,0,14,2,0,0.7842605933353597+0.37219325200584896j
