TX_RX,step,group,BFIC,channel,value
0,85,4,3,0,0.26645937304887135+0.6661852388294576j
