TX_RX,step,group,BFIC,channel,value
0,85,9,0,0,0.7283569215561093+0.31903438778192605j
