TX_RX,step,group,BFIC,channel,value
1,0,12,2,1,0.4921558477612371+0.34173106543201537j
