TX_RX,step,group,BFIC,channel,value
0,170,14,1,1,0.4924946865807358+0.5367052745444886j
