TX_RX,step,group,BFIC,channel,value
1,85,1,3,1,0.22480620675412855+0.6084115814587285j
