TX_RX,step,group,BFIC,channel,value
1,0,14,2,2,0.23572437423738257+0.8409885988547825j
