TX_RX,step,group,BFIC,channel,value
0,255,3,1,1,0.16992550660826666+0.4202481462027422j
