TX_RX,step,group,BFIC,channel,value
1,170,7,0,0,0.2107671575275747+0.03148663596950907j
