TX_RX,step,group,BFIC,channel,value
0,0,6,1,3,0.44018954942245325+0.06876385309084432j
