TX_RX,step,group,BFIC,channel,value
1,170,1,0,3,0.10254624302304327+0.7343745768312796j
