TX_RX,step,group,BFIC,channel,value
0,85,6,2,0,0.907169397132033+0.016384579212735173j
