TX_RX,step,group,BFIC,channel,value
1,0,4,3,1,0.5408500907691901+0.3869901803900766j
