TX_RX,step,group,BFIC,channel,value
1,255,14,1,2,0.6698419931010324+0.20909385057133278j
