TX_RX,step,group,BFIC,channel,value
0,85,2,1,2,0.07110321870432867+0.8140523440362051j
