TX_RX,step,group,BFIC,channel,value
0,170,10,0,0,0.5389319941440486+0.5375548989797004j
