TX_RX,step,group,BFIC,channel,value
1,85,6,1,2,0.9830333759799337+0.1402426819839656j
