TX_RX,step,group,BFIC,channel,value
1,0,15,1,0,0.7304840027336035+0.4853923796973766j
