TX_RX,step,group,BFIC,channel,value
0,255,14,1,1,0.7235221726403559+0.44541778799693343j
