TX_RX,step,group,BFIC,channel,value
0,170,11,1,0,0.41279112800041406+0.47987677558054276j
