TX_RX,step,group,BFIC,channel,value
0,255,11,2,2,0.45525397889132524+0.793525622734953j
