TX_RX,step,group,BFIC,channel,value
0,255,5,3,1,0.1438862696036205+0.031898669551684855j
