TX_RX,step,group,BFIC,channel,value
1,85,1,2,2,0.025441600614098836+0.033156611114534495j
