TX_RX,step,group,BFIC,channel,value
1,0,3,2,1,0.695655758403424+0.7631907369364467j
