TX_RX,step,group,BFIC,channel,value
0,255,6,3,0,0.09090485734771192+0.04368449352859505j
