TX_RX,step,group,BFIC,channel,value
1,170,1,3,2,0.6076470116345661+0.05173459179849782j
