TX_RX,step,group,BFIC,channel,value
1,170,5,3,0,0.9183437619129189+0.8181772040623735j
