TX_RX,step,group,BFIC,channel,value
0,170,9,2,1,0.425378369884544+0.8537992272594416j
