TX_RX,step,group,BFIC,channel,value
1,170,2,2,2,0.7067175126073951+0.60547795455597j
