TX_RX,step,group,BFIC,channel,value
0,255,7,1,1,0.07386596667209067+0.42109200972777194j
