TX_RX,step,group,BFIC,channel,value
0,85,15,1,3,0.11190097738484084+0.2636936812733527j
