TX_RX,step,group,BFIC,channel,value
1,255,1,0,3,0.22005226694520408+0.7202258051317741j
