TX_RX,step,group,BFIC,channel,value
0,85,10,3,0,0.18421392924586877+0.789621201234551j
