TX_RX,step,group,BFIC,channel,value
1,170,10,0,1,0.02496728387541336+0.9892842192632624j
