TX_RX,step,group,BFIC,channel,value
0,255,5,0,2,0.06695873022550347+0.893283043462349j
