TX_RX,step,group,BFIC,channel,value
0,0,4,1,1,0.564256749031901+0.7037685332543261j
