TX_RX,step,group,BFIC,channel,value
1,85,4,2,0,0.6272195728506014+0.047104481572459056j
