TX_RX,step,group,BFIC,channel,value
1,85,5,3,0,0.47350083042023816+0.7149356654182955j
