TX_RX,step,group,BFIC,channel,value
0,170,8,1,2,0.7667874353742966+0.3542479791471824j
