TX_RX,step,group,BFIC,channel,value
0,170,9,0,0,0.3334358671240829+0.8221456231699522j
