TX_RX,step,group,BFIC,channel,value
0,255,0,0,3,0.23488869816994196+0.07278575637555196j
