TX_RX,step,group,BFIC,channel,value
1,85,12,2,3,0.7226837857756322+0.19144727475543166j
