TX_RX,step,group,BFIC,channel,value
0,85,11,0,1,0.09496963636999833+0.7936141659216183j
