TX_RX,step,group,BFIC,channel,value
1,255,0,3,2,0.5097174287274988+0.7478013492235697j
