TX_RX,step,group,BFIC,channel,value
1,0,5,0,0,0.9656316347103594+0.680736751364159j
