TX_RX,step,group,BFIC,channel,value
1,170,4,2,3,0.6232506990034472+0.16646508891698664j
