TX_RX,step,group,BFIC,channel,value
0,170,7,1,2,0.9911664325664568+0.6359843045065963j
