TX_RX,step,group,BFIC,channel,value
1,255,15,0,0,0.037470110116747946+0.55263563893782j
