TX_RX,step,group,BFIC,channel,value
0,170,10,2,3,0.9705494429564115+0.44814211334472265j
