TX_RX,step,group,BFIC,channel,value
0,85,7,1,2,0.9833745486731065+0.49099646814139697j
