TX_RX,step,group,BFIC,channel,value
0,85,1,2,1,0.9821543744385882+0.24329898693557372j
