TX_RX,step,group,BFIC,channel,value
1,0,11,2,3,0.9602753042334005+0.876732812605808j
