TX_RX,step,group,BFIC,channel,value
0,85,2,1,3,0.2624580504681031+0.7074770528420821j
