TX_RX,step,group,BFIC,channel,value
1,85,1,0,1,0.41519060352639425+0.10988362919654249j
