TX_RX,step,group,BFIC,channel,value
0,0,9,2,1,0.8714746227503581+0.5440087979306198j
