TX_RX,step,group,BFIC,channel,value
1,255,12,3,0,0.2913407079061645+0.751339495090152j
