TX_RX,step,group,BFIC,channel,value
1,0,9,3,3,0.968463717271229+0.5894754176907251j
