TX_RX,step,group,BFIC,channel,value
1,0,6,3,3,0.5449524137503922+0.23541094083364678j
