TX_RX,step,group,BFIC,channel,value
0,85,4,1,3,0.13167557486270953+0.4200111705203642j
