TX_RX,step,group,BFIC,channel,value
1,0,8,3,2,0.9393625338953743+0.6342801516230038j
