TX_RX,step,group,BFIC,channel,value
0,170,1,0,0,0.20152393179871086+0.8709084956595297j
