TX_RX,step,group,BFIC,channel,value
0,255,10,2,2,0.22841665663062993+0.793655417559426j
