TX_RX,step,group,BFIC,channel,value
0,85,9,3,3,0.5260786147824162+0.3753887511026772j
