TX_RX,step,group,BFIC,channel,value
1,0,13,1,1,0.6840220162243342+0.17326311421948715j
