TX_RX,step,group,BFIC,channel,value
0,170,13,2,3,0.23037045526092215+0.13245238537241655j
