TX_RX,step,group,BFIC,channel,value
1,255,5,3,0,0.3632716469580819+0.8156983897922131j
