TX_RX,step,group,BFIC,channel,value
0,85,10,0,0,0.008551075266260089+0.17188058795145522j
