TX_RX,step,group,BFIC,channel,value
0,170,9,2,3,0.23097106380404886+0.8060718115746552j
