TX_RX,step,group,BFIC,channel,value
0,170,9,1,3,0.5177452114593863+0.1115113772462547j
