TX_RX,step,group,BFIC,channel,value
0,85,14,2,3,0.04364443093461445+0.1556360151045576j
