TX_RX,step,group,BFIC,channel,value
1,170,8,1,2,0.46990587586528076+0.2551257540179199j
