TX_RX,step,group,BFIC,channel,value
1,0,6,0,0,0.3909900527769863+0.5184699405100504j
