TX_RX,step,group,BFIC,channel,value
1,170,8,3,0,0.057900912358332834+0.7518875320335047j
