TX_RX,step,group,BFIC,channel,value
1,170,3,2,3,0.21729942397688107+0.7973934604145441j
