TX_RX,step,group,BFIC,channel,value
1,0,9,3,1,0.12711230847308608+0.23250721383571737j
