TX_RX,step,group,BFIC,channel,value
1,85,11,2,2,0.07223344834772305+0.7726190259661453j
