TX_RX,step,group,BFIC,channel,value
0,0,5,3,1,0.04267491619245778+0.5496627137041563j
