TX_RX,step,group,BFIC,channel,value
0,85,9,2,3,0.49618870266504944+0.7525875297453919j
