TX_RX,step,group,BFIC,channel,value
1,170,0,3,2,0.5968368821240878+0.5904055222588906j
