TX_RX,step,group,BFIC,channel,value
0,255,1,1,1,0.3186134145205809+0.5036956755482921j
