TX_RX,step,group,BFIC,channel,value
1,255,2,2,3,0.5228868474323618+0.3409252975825138j
