TX_RX,step,group,BFIC,channel,value
1,85,7,3,2,0.8384747399626465+0.9319249388100758j
