TX_RX,step,group,BFIC,channel,value
1,170,13,2,2,0.7811782895465935+0.3159708121094802j
