TX_RX,step,group,BFIC,channel,value
1,85,9,2,2,0.23187811578436268+0.8146356338675049j
