TX_RX,step,group,BFIC,channel,value
1,170,15,1,3,0.3350725430374619+0.3873097319192089j
