TX_RX,step,group,BFIC,channel,value
0,0,6,2,1,0.2589504483274673+0.4818335238922532j
