TX_RX,step,group,BFIC,channel,value
0,0,2,0,0,0.9811603102647576+0.09017732010617785j
