TX_RX,step,group,BFIC,channel,value
1,170,13,3,3,0.02542548796223132+0.6214678489969595j
