TX_RX,step,group,BFIC,channel,value
1,85,1,3,0,0.3451573885102781+0.7180112668903232j
