TX_RX,step,group,BFIC,channel,value
1,85,6,1,0,0.7842930463243337+0.3210026915374812j
