TX_RX,step,group,BFIC,channel,value
0,0,12,2,3,0.2728080443074069+0.7748721758195433j
