TX_RX,step,group,BFIC,channel,value
1,0,2,3,2,0.1643494945315287+0.5753385938733092j
