TX_RX,step,group,BFIC,channel,value
1,170,1,1,0,0.6456543878356621+0.21857115209009192j
