TX_RX,step,group,BFIC,channel,value
1,0,13,1,0,0.8647197495174374+0.016214901175680585j
