TX_RX,step,group,BFIC,channel,value
1,255,8,1,1,0.5823896011420541+0.3967465777558604j
