TX_RX,step,group,BFIC,channel,value
0,255,8,0,2,0.5634960324244052+0.6311161897035075j
