TX_RX,step,group,BFIC,channel,value
1,170,4,3,1,0.4561182504777016+0.34548157846766925j
