TX_RX,step,group,BFIC,channel,value
0,170,3,2,0,0.6870505565878101+0.6278449556540887j
