TX_RX,step,group,BFIC,channel,value
1,170,10,2,2,0.6482739875634261+0.7288778807670039j
