TX_RX,step,group,BFIC,channel,value
0,255,6,0,2,0.280939459295406+0.8120819676275027j
