TX_RX,step,group,BFIC,channel,value
0,255,8,1,3,0.052512231872510196+0.630428515729884j
