TX_RX,step,group,BFIC,channel,value
1,170,1,2,3,0.06531017228482772+0.8963776465769603j
