TX_RX,step,group,BFIC,channel,value
0,170,1,3,0,0.6030961246214779+0.5559631957467043j
