TX_RX,step,group,BFIC,channel,value
1,0,1,0,0,0.7821230227655306+0.5885068217953044j
