TX_RX,step,group,BFIC,channel,value
0,170,4,0,1,0.22653904509252387+0.6981861207051308j
