TX_RX,step,group,BFIC,channel,value
1,85,9,0,2,0.5618037651110793+0.60853633029196j
