TX_RX,step,group,BFIC,channel,value
0,255,12,0,2,0.03980266777703434+0.012316295156051593j
