TX_RX,step,group,BFIC,channel,value
1,85,14,0,3,0.6871449841761705+0.4807876795957825j
