TX_RX,step,group,BFIC,channel,value
0,170,4,1,2,0.6301431591705464+0.601222678138459j
