TX_RX,step,group,BFIC,channel,value
0,255,3,1,2,0.7522571220560884+0.4304688211937042j
