TX_RX,step,group,BFIC,channel,value
0,85,1,3,2,0.6204575832254497+0.7162338544824892j
