TX_RX,step,group,BFIC,channel,value
1,255,1,3,1,0.5233356846607309+0.876551803888155j
