TX_RX,step,group,BFIC,channel,value
0,0,9,1,1,0.4396385022768149+0.8736184445199515j
