TX_RX,step,group,BFIC,channel,value
0,170,14,0,1,0.11353709307507232+0.8778422707386877j
