TX_RX,step,group,BFIC,channel,value
1,170,6,3,0,0.7941358077702968+0.029674530961800394j
