TX_RX,step,group,BFIC,channel,value
1,85,6,3,1,0.11182068443043225+0.06620000803478321j
