TX_RX,step,group,BFIC,channel,value
1,170,15,0,1,0.10454975789572318+0.08665193140081406j
