TX_RX,step,group,BFIC,channel,value
0,0,3,2,2,0.13332770444057063+0.1339179736355337j
