TX_RX,step,group,BFIC,channel,value
0,255,2,2,3,0.9099904226159896+0.43861869213498317j
