TX_RX,step,group,BFIC,channel,value
1,0,12,3,2,0.21224758723253767+0.7428068990852894j
