TX_RX,step,group,BFIC,channel,value
0,85,0,3,2,0.1454780898794571+0.03701691049359224j
