TX_RX,step,group,BFIC,channel,value
1,0,8,1,2,0.4251614072462584+0.22135900399127062j
