TX_RX,step,group,BFIC,channel,value
1,0,12,1,0,0.03177741234356235+0.9486851855611662j
