TX_RX,step,group,BFIC,channel,value
1,255,10,3,0,0.9266331305612592+0.2233728523200661j
