TX_RX,step,group,BFIC,channel,value
0,85,9,0,3,0.14579347778121865+0.9882407418614685j
