TX_RX,step,group,BFIC,channel,value
1,170,12,3,2,0.4590669928103074+0.8052538487570106j
