TX_RX,step,group,BFIC,channel,value
1,170,7,2,0,0.7649073134665516+0.4250926005414226j
