TX_RX,step,group,BFIC,channel,value
0,85,0,2,1,0.4745304695504269+0.8368562193309775j
