TX_RX,step,group,BFIC,channel,value
0,0,14,1,1,0.5771957828518858+0.2113719583039595j
