TX_RX,step,group,BFIC,channel,value
1,0,3,0,1,0.0760715432108987+0.4955089336337578j
