TX_RX,step,group,BFIC,channel,value
1,255,5,0,2,0.13477682937384594+0.5773174150245647j
