TX_RX,step,group,BFIC,channel,value
1,170,0,2,2,0.378922322384035+0.026040958303750195j
