TX_RX,step,group,BFIC,channel,value
0,85,12,1,3,0.33147820421379925+0.822350535815366j
