TX_RX,step,group,BFIC,channel,value
1,0,5,3,3,0.5069493775467827+0.9853494589165541j
