TX_RX,step,group,BFIC,channel,value
1,255,0,1,1,0.9303464600807074+0.2257091033337688j
