TX_RX,step,group,BFIC,channel,value
0,255,9,0,1,0.1543414182620091+0.9135608346665087j
