TX_RX,step,group,BFIC,channel,value
1,85,6,0,0,0.9597289378122751+0.386209609825924j
