TX_RX,step,group,BFIC,channel,value
0,85,15,0,2,0.9429359869408056+0.6931174271104453j
