TX_RX,step,group,BFIC,channel,value
0,0,8,1,3,0.5321714271868828+0.26886158403536564j
