TX_RX,step,group,BFIC,channel,value
1,170,11,1,2,0.31423114911453087+0.03446318500743928j
