TX_RX,step,group,BFIC,channel,value
1,0,1,3,2,0.8253443903159372+0.2740751903884102j
