TX_RX,step,group,BFIC,channel,value
0,170,1,1,2,0.6564083686203512+0.5603794923331998j
