TX_RX,step,group,BFIC,channel,value
1,0,11,1,2,0.8969512478252085+0.26078358801300705j
