TX_RX,step,group,BFIC,channel,value
0,170,7,1,1,0.8415019617283112+0.7927633759020342j
