TX_RX,step,group,BFIC,channel,value
0,170,6,2,1,0.5854200035372796+0.18668790408762204j
