TX_RX,step,group,BFIC,channel,value
0,85,8,2,1,0.867215229699134+0.9919701178754307j
