TX_RX,step,group,BFIC,channel,value
0,0,12,1,2,0.7813046475459972+0.21898390556682223j
