TX_RX,step,group,BFIC,channel,value
1,170,13,0,0,0.7493453379249325+0.6710235070084585j
