TX_RX,step,group,BFIC,channel,value
1,0,4,2,2,0.6500873027691016+0.09265353688176725j
