TX_RX,step,group,BFIC,channel,value
1,255,10,2,2,0.5423834823292051+0.4122979477267844j
