TX_RX,step,group,BFIC,channel,value
0,0,14,3,3,0.47568798104603205+0.6439410348862884j
