TX_RX,step,group,BFIC,channel,value
1,170,6,1,1,0.3109184196857989+0.3550528455784524j
