TX_RX,step,group,BFIC,channel,value
0,255,10,0,0,0.37451619949053494+0.39531864840449293j
