TX_RX,step,group,BFIC,channel,value
1,0,3,3,3,0.6077837295917013+0.5176498758494884j
