TX_RX,step,group,BFIC,channel,value
0,0,11,2,3,0.5771459425530464+0.43471988248104365j
