TX_RX,step,group,BFIC,channel,value
0,0,14,1,0,0.4557163795504514+0.025460943943642955j
