TX_RX,step,group,BFIC,channel,value
0,255,0,0,0,0.33980860566687765+0.9204692421896483j
