TX_RX,step,group,BFIC,channel,value
1,85,5,0,0,0.3383306235779062+0.5174485796171818j
