TX_RX,step,group,BFIC,channel,value
0,85,13,2,2,0.7988857032152265+0.30506574982895496j
