TX_RX,step,group,BFIC,channel,value
1,85,6,2,0,0.590370895831963+0.733823748793002j
