TX_RX,step,group,BFIC,channel,value
0,255,15,2,3,0.1991892259295488+0.9615737622479107j
