TX_RX,step,group,BFIC,channel,value
0,170,0,3,1,0.9294797648686555+0.41929666680332234j
