TX_RX,step,group,BFIC,channel,value
0,255,0,3,3,0.6873357979840635+0.8809142805514627j
