TX_RX,step,group,BFIC,channel,value
1,0,12,1,1,0.9780302183996872+0.3880967344536449j
