TX_RX,step,group,BFIC,channel,value
0,170,1,0,2,0.5687995752105417+0.4692146650101018j
