TX_RX,step,group,BFIC,channel,value
1,0,11,0,3,0.27997321585692914+0.8287844922695251j
