TX_RX,step,group,BFIC,channel,value
1,85,4,2,2,0.9735896549784494+0.03711055933902396j
