TX_RX,step,group,BFIC,channel,value
1,255,2,1,3,0.46572660533745447+0.013429567690142252j
