TX_RX,step,group,BFIC,channel,value
0,0,6,3,2,0.4417077191577784+0.6394919522499173j
