TX_RX,step,group,BFIC,channel,value
1,255,15,0,2,0.8368353571205045+0.4607220399696136j
