TX_RX,step,group,BFIC,channel,value
1,85,14,0,1,0.38176990349103+0.343770438604986j
