TX_RX,step,group,BFIC,channel,value
1,85,9,0,0,0.5314550152580952+0.36312747328012984j
