TX_RX,step,group,BFIC,channel,value
1,255,7,3,1,0.25489124785230977+0.18371617258222483j
