TX_RX,step,group,BFIC,channel,value
1,85,6,1,1,0.3437247759030584+0.7775202388561647j
