TX_RX,step,group,BFIC,channel,value
1,170,15,1,0,0.8541218136238485+0.2007635261157985j
