TX_RX,step,group,BFIC,channel,value
0,255,10,3,0,0.3423768967247264+0.05068938001809875j
