TX_RX,step,group,BFIC,channel,value
1,85,13,1,3,0.17910549623375183+0.27684430098019386j
