TX_RX,step,group,BFIC,channel,value
1,0,12,3,0,0.5775460825457334+0.8151094416556335j
