TX_RX,step,group,BFIC,channel,value
1,85,3,0,3,0.7857522511327311+0.983768047981224j
