TX_RX,step,group,BFIC,channel,value
0,0,1,3,1,0.19651452778075928+0.07305622516612464j
