TX_RX,step,group,BFIC,channel,value
0,85,4,2,3,0.27946368311684766+0.9721653547776526j
