TX_RX,step,group,BFIC,channel,value
1,255,12,0,0,0.411108771849677+0.5799375681837825j
