TX_RX,step,group,BFIC,channel,value
1,255,13,0,3,0.6002616349535761+0.5033503604830732j
