TX_RX,step,group,BFIC,channel,value
1,0,7,2,3,0.4109156094783165+0.18642826833228465j
