TX_RX,step,group,BFIC,channel,value
1,0,15,1,3,0.6848266842597418+0.3091238626189433j
