TX_RX,step,group,BFIC,channel,value
1,0,9,0,1,0.22873262867351463+0.510177262381073j
