TX_RX,step,group,BFIC,channel,value
0,0,2,1,3,0.6301122908774388+0.6938951297066004j
