TX_RX,step,group,BFIC,channel,value
0,85,12,3,0,0.4137200452426908+0.7422760900029036j
