TX_RX,step,group,BFIC,channel,value
1,85,4,1,0,0.28303433205799844+0.5104351945536245j
