TX_RX,step,group,BFIC,channel,value
1,0,11,2,1,0.9129456739193085+0.10238657392138573j
