TX_RX,step,group,BFIC,channel,value
1,0,14,3,1,0.1979151401089011+0.6265592140637314j
