TX_RX,step,group,BFIC,channel,value
1,85,11,0,2,0.011628917150199314+0.2245815664098204j
