TX_RX,step,group,BFIC,channel,value
1,170,5,1,2,0.20958502037996674+0.5431389008656277j
