TX_RX,step,group,BFIC,channel,value
1,255,12,0,3,0.005557740521091925+0.46698817593183795j
