TX_RX,step,group,BFIC,channel,value
0,170,7,0,3,0.08254490887217936+0.46721101292241773j
