TX_RX,step,group,BFIC,channel,value
1,85,12,0,1,0.20752802116392866+0.5311143606359616j
