TX_RX,step,group,BFIC,channel,value
0,0,0,2,0,0.1344855454735664+0.4642496272288763j
