TX_RX,step,group,BFIC,channel,value
1,170,7,3,1,0.1753453766551487+0.013259828895484604j
