TX_RX,step,group,BFIC,channel,value
1,85,15,3,1,0.8207492402172347+0.6876744599069994j
