TX_RX,step,group,BFIC,channel,value
1,170,10,3,3,0.936079758304153+0.5637762681006987j
