TX_RX,step,group,BFIC,channel,value
0,255,11,3,3,0.41890198341622087+0.38776512132921526j
