TX_RX,step,group,BFIC,channel,value
0,255,12,2,0,0.6464812062657468+0.3940418237320853j
