TX_RX,step,group,BFIC,channel,value
0,255,14,2,0,0.5243499623623078+0.5000947630923004j
