TX_RX,step,group,BFIC,channel,value
1,255,15,3,2,0.20107287915260397+0.2523352500809315j
