TX_RX,step,group,BFIC,channel,value
1,170,14,0,1,0.9123972666475021+0.3793322634745172j
