TX_RX,step,group,BFIC,channel,value
1,0,8,0,2,0.18343592782267626+0.005416376142674095j
