TX_RX,step,group,BFIC,channel,value
1,170,13,1,1,0.9834901815874341+0.11432391423902288j
