TX_RX,step,group,BFIC,channel,value
1,0,8,1,0,0.9223781908759758+0.032407398171818924j
