TX_RX,step,group,BFIC,channel,value
1,255,14,3,3,0.24293598155361285+0.6698430288052543j
