TX_RX,step,group,BFIC,channel,value
0,0,6,3,0,0.27216311981717933+0.012647781851078399j
