TX_RX,step,group,BFIC,channel,value
1,85,8,0,3,0.5508726076297956+0.38268435476777474j
