TX_RX,step,group,BFIC,channel,value
0,0,1,0,3,0.6841507674144638+0.47581019955266735j
