TX_RX,step,group,BFIC,channel,value
1,170,11,0,1,0.9453382194118588+0.32921797953876786j
