TX_RX,step,group,BFIC,channel,value
0,255,11,1,0,0.9735461309036422+0.6798483412985283j
