TX_RX,step,group,BFIC,channel,value
0,170,9,2,2,0.9554841553999129+0.5321259076336405j
