TX_RX,step,group,BFIC,channel,value
0,85,12,1,1,0.030294606944569313+0.15844784128910638j
