TX_RX,step,group,BFIC,channel,value
0,255,6,0,0,0.8215564747860796+0.4131334844781487j
