TX_RX,step,group,BFIC,channel,value
0,0,1,1,1,0.49483687660479425+0.5389516100948402j
