TX_RX,step,group,BFIC,channel,value
1,255,13,1,3,0.27714831429019915+0.23350125443841463j
