TX_RX,step,group,BFIC,channel,value
1,85,5,2,1,0.4508961063879302+0.5897283661961976j
