TX_RX,step,group,BFIC,channel,value
1,170,13,3,1,0.47098461550851856+0.5396903883895182j
