TX_RX,step,group,BFIC,channel,value
1,170,12,0,3,0.9267680310948392+0.14131320124790336j
