TX_RX,step,group,BFIC,channel,value
1,85,7,0,2,0.955446188934524+0.9546937508607575j
