TX_RX,step,group,BFIC,channel,value
1,170,10,3,1,0.83664498779388+0.6837990351466612j
