TX_RX,step,group,BFIC,channel,value
1,170,9,1,1,0.16227676786301048+0.192747214516926j
