TX_RX,step,group,BFIC,channel,value
0,170,8,2,2,0.9250380705877191+0.26217595063285604j
