TX_RX,step,group,BFIC,channel,value
1,255,0,3,3,0.5501772599390747+0.16238027213447548j
