TX_RX,step,group,BFIC,channel,value
0,170,15,1,3,0.91348781881647+0.9490547689905531j
