TX_RX,step,group,BFIC,channel,value
1,255,2,0,3,0.29109835547385665+0.10964329641789328j
