TX_RX,step,group,BFIC,channel,value
0,255,5,1,3,0.12038654151596373+0.5934129119410898j
