TX_RX,step,group,BFIC,channel,value
1,255,14,2,3,0.9328091099676279+0.3256852637342931j
