TX_RX,step,group,BFIC,channel,value
0,255,8,2,2,0.9428591288998353+0.8707718155057127j
