TX_RX,step,group,BFIC,channel,value
1,0,13,3,1,0.681678686876915+0.3928282374891232j
