TX_RX,step,group,BFIC,channel,value
1,0,7,1,0,0.2585473388000473+0.40864381446623255j
