TX_RX,step,group,BFIC,channel,value
1,0,2,0,1,0.7547036774416793+0.1318058998169216j
