TX_RX,step,group,BFIC,channel,value
1,0,12,1,3,0.889817479002959+0.794044086330827j
