TX_RX,step,group,BFIC,channel,value
1,170,2,2,0,0.30398653197700454+0.5099372393239315j
