TX_RX,step,group,BFIC,channel,value
1,85,8,3,1,0.705022158498529+0.6601785456037779j
