TX_RX,step,group,BFIC,channel,value
1,170,1,1,1,0.6538727322367082+0.8312955742367085j
