TX_RX,step,group,BFIC,channel,value
1,170,3,1,3,0.9270074437258852+0.8595875232743541j
