TX_RX,step,group,BFIC,channel,value
1,0,8,0,0,0.8511300955031403+0.17451731526517433j
