TX_RX,step,group,BFIC,channel,value
1,170,4,3,3,0.5487818696950629+0.29828002178090085j
