TX_RX,step,group,BFIC,channel,value
1,85,11,1,0,0.1911855739488535+0.8091203621355197j
