TX_RX,step,group,BFIC,channel,value
0,0,7,2,0,0.34617620948254524+0.01642912312781586j
