TX_RX,step,group,BFIC,channel,value
0,170,6,0,3,0.9965798575114926+0.18541286055658812j
