TX_RX,step,group,BFIC,channel,value
0,170,10,1,2,0.18702846377714788+0.5730464364050383j
