TX_RX,step,group,BFIC,channel,value
1,0,10,0,0,0.37236922714183096+0.9842235395354662j
