TX_RX,step,group,BFIC,channel,value
0,0,12,3,2,0.2804963157024698+0.020575837250277118j
