TX_RX,step,group,BFIC,channel,value
0,255,11,3,0,0.3287966915013816+0.998257619444425j
