TX_RX,step,group,BFIC,channel,value
0,170,0,2,2,0.781850453099045+0.391884401025846j
