TX_RX,step,group,BFIC,channel,value
0,255,3,0,3,0.9009455112013767+0.0500862605965815j
