TX_RX,step,group,BFIC,channel,value
1,255,1,3,0,0.19540122364338497+0.6310035236083855j
