TX_RX,step,group,BFIC,channel,value
1,0,9,1,3,0.7362968487527053+0.6305456904243713j
