TX_RX,step,group,BFIC,channel,value
0,0,0,0,2,0.739664855113095+0.1870361147514683j
