TX_RX,step,group,BFIC,channel,value
1,170,5,0,3,0.5625354995850649+0.08612728382340917j
