TX_RX,step,group,BFIC,channel,value
1,85,12,0,0,0.23998985238561232+0.3575942826176115j
