TX_RX,step,group,BFIC,channel,value
0,255,2,1,3,0.7390747510348248+0.05190026090749422j
