TX_RX,step,group,BFIC,channel,value
0,0,4,2,0,0.10671966528546284+0.5050836350719857j
