TX_RX,step,group,BFIC,channel,value
0,255,6,0,1,0.37482358133385585+0.667825192211885j
