TX_RX,step,group,BFIC,channel,value
0,255,2,2,2,0.11303654674664942+0.3406259792286259j
