TX_RX,step,group,BFIC,channel,value
1,170,3,0,0,0.7404973182367706+0.7299667264843557j
