TX_RX,step,group,BFIC,channel,value
0,0,15,3,2,0.3392791846458084+0.9897480196724063j
