TX_RX,step,group,BFIC,channel,value
1,85,15,3,0,0.40378759440905+0.6171802287506868j
