TX_RX,step,group,BFIC,channel,value
0,255,7,2,1,0.5510831646271322+0.38599624319521586j
