TX_RX,step,group,BFIC,channel,value
1,85,3,3,3,0.26156417513153574+0.6611733558625718j
