TX_RX,step,group,BFIC,channel,value
0,170,7,1,3,0.95471265963358+0.08275962970386685j
