TX_RX,step,group,BFIC,channel,value
0,255,12,0,1,0.3556259504278808+0.5297397352744406j
