TX_RX,step,group,BFIC,channel,value
0,255,12,3,3,0.6842905459971386+0.028414516574439386j
