TX_RX,step,group,BFIC,channel,value
1,85,4,0,2,0.23451255448605735+0.06918355318189484j
