TX_RX,step,group,BFIC,channel,value
0,0,13,3,1,0.11605357802290273+0.6069242597739254j
