TX_RX,step,group,BFIC,channel,value
1,0,9,2,0,0.4991025334490341+0.13335109777138854j
