TX_RX,step,group,BFIC,channel,value
0,0,15,0,3,0.2641639730910297+0.6109927077630525j
