TX_RX,step,group,BFIC,channel,value
0,170,1,0,3,0.6734966280486596+0.5639059907686684j
