TX_RX,step,group,BFIC,channel,value
0,170,12,1,3,0.7316601861180237+0.28536359402733313j
