TX_RX,step,group,BFIC,channel,value
0,85,15,2,0,0.0685243439760479+0.7611639218775342j
