TX_RX,step,group,BFIC,channel,value
1,170,10,2,3,0.8367768555148914+0.48620035843926257j
