TX_RX,step,group,BFIC,channel,value
0,0,10,1,0,0.6566927806663451+0.07534374324227477j
