TX_RX,step,group,BFIC,channel,value
1,170,9,0,0,0.41043857525020866+0.5559523126446787j
