TX_RX,step,group,BFIC,channel,value
1,170,3,2,0,0.5008457316439036+0.3927439223069391j
