TX_RX,step,group,BFIC,channel,value
0,85,5,2,1,0.5466103067907517+0.26416750639208875j
