TX_RX,step,group,BFIC,channel,value
1,170,10,1,1,0.44370451081888485+0.36254970882018633j
