TX_RX,step,group,BFIC,channel,value
1,170,3,0,1,0.2122548487570497+0.534595462005384j
