TX_RX,step,group,BFIC,channel,value
0,170,10,1,0,0.38169710913003296+0.9212075685278264j
