TX_RX,step,group,BFIC,channel,value
1,255,7,2,3,0.36960211166803325+0.5555026574567427j
