TX_RX,step,group,BFIC,channel,value
0,85,15,3,2,0.426823469651453+0.5988010542066526j
