TX_RX,step,group,BFIC,channel,value
0,255,1,3,0,0.7484055015198473+0.26365216220085397j
