TX_RX,step,group,BFIC,channel,value
1,0,3,1,3,0.23997899585502558+0.9356063326127869j
