TX_RX,step,group,BFIC,channel,value
0,255,15,1,1,0.7783007497761206+0.5828481151049157j
