TX_RX,step,group,BFIC,channel,value
1,0,0,0,2,0.5937532317927188+0.11023636674446824j
