TX_RX,step,group,BFIC,channel,value
0,255,7,0,0,0.3870008884433833+0.38569350128921764j
