TX_RX,step,group,BFIC,channel,value
1,85,2,0,2,0.016825320174025493+0.23545131071488212j
