TX_RX,step,group,BFIC,channel,value
1,0,7,1,3,0.5426647602175156+0.530461581192679j
