TX_RX,step,group,BFIC,channel,value
1,85,10,3,1,0.4758677357603951+0.9018435517590386j
