TX_RX,step,group,BFIC,channel,value
0,0,12,2,2,0.2518868656104929+0.2673270955707364j
