TX_RX,step,group,BFIC,channel,value
0,85,3,2,2,0.5894488484260588+0.7596212141229469j
