TX_RX,step,group,BFIC,channel,value
0,170,3,3,1,0.517755222100327+0.6134608888696219j
