TX_RX,step,group,BFIC,channel,value
1,170,8,3,1,0.691565479662749+0.6104024037284671j
