TX_RX,step,group,BFIC,channel,value
1,255,5,3,1,0.5034381062975668+0.4289114622927671j
