TX_RX,step,group,BFIC,channel,value
0,85,4,0,2,0.11076789165358125+0.6073740212874672j
