TX_RX,step,group,BFIC,channel,value
1,255,12,2,2,0.6307959493341985+0.284786484953931j
