TX_RX,step,group,BFIC,channel,value
0,170,15,3,3,0.15190447616911962+0.6225996926329241j
