TX_RX,step,group,BFIC,channel,value
0,255,2,3,1,0.63357725313809+0.28549780751071163j
