TX_RX,step,group,BFIC,channel,value
0,0,5,3,0,0.8318588906140179+0.3148624055105047j
