TX_RX,step,group,BFIC,channel,value
0,85,9,2,2,0.565687193314854+0.4174227128636221j
