TX_RX,step,group,BFIC,channel,value
0,255,10,3,1,0.9389148892463723+0.7844104274471788j
