TX_RX,step,group,BFIC,channel,value
0,255,13,3,3,0.31131022965475685+0.5168980936776095j
