TX_RX,step,group,BFIC,channel,value
0,255,12,0,3,0.008482585142502774+0.4236009475998539j
