TX_RX,step,group,BFIC,channel,value
1,255,6,2,0,0.6667470077327418+0.506258257802722j
