TX_RX,step,group,BFIC,channel,value
0,170,14,2,3,0.8590787697163624+0.07297874750156852j
