TX_RX,step,group,BFIC,channel,value
1,0,5,0,1,0.6073080277447352+0.33703694447281085j
