TX_RX,step,group,BFIC,channel,value
0,85,10,1,3,0.4676512939513865+0.39853389412800777j
