TX_RX,step,group,BFIC,channel,value
1,0,15,3,1,0.5165947080774489+0.778463320724823j
