TX_RX,step,group,BFIC,channel,value
1,255,15,1,0,0.4679089631606581+0.6793953685179424j
