TX_RX,step,group,BFIC,channel,value
0,0,4,3,2,0.6604346338455416+0.3837216764960806j
