TX_RX,step,group,BFIC,channel,value
1,255,12,0,2,0.3335840580943703+0.04056934944933399j
