TX_RX,step,group,BFIC,channel,value
1,255,3,1,0,0.8394169112219249+0.8004474416840032j
