TX_RX,step,group,BFIC,channel,value
0,255,0,3,1,0.923433948276569+0.21973030412609384j
