TX_RX,step,group,BFIC,channel,value
0,0,6,3,3,0.18463848342528477+0.06454950690049521j
