TX_RX,step,group,BFIC,channel,value
0,85,11,0,3,0.1731518934135109+0.17939795937118708j
