TX_RX,step,group,BFIC,channel,value
0,0,0,1,2,0.985527791641764+0.2655255158657125j
