TX_RX,step,group,BFIC,channel,value
1,170,2,3,1,0.98845864412557+0.6454449417723487j
