TX_RX,step,group,BFIC,channel,value
0,0,3,0,2,0.5918059311183074+0.09696165379220134j
