TX_RX,step,group,BFIC,channel,value
0,170,13,1,1,0.8922259841126468+0.16253287354437795j
