TX_RX,step,group,BFIC,channel,value
0,85,14,1,3,0.005901875003648138+0.10437818392428577j
