TX_RX,step,group,BFIC,channel,value
0,85,12,0,0,0.4078057620600828+0.40660513976204393j
