TX_RX,step,group,BFIC,channel,value
1,85,8,0,1,0.8154221481671443+0.7525685950890838j
