TX_RX,step,group,BFIC,channel,value
0,170,10,3,3,0.7524406140903452+0.2493198582276075j
