TX_RX,step,group,BFIC,channel,value
1,255,15,1,2,0.15386085367461233+0.7198149890121903j
