TX_RX,step,group,BFIC,channel,value
0,170,4,2,3,0.26014484946101857+0.6532125815423167j
