TX_RX,step,group,BFIC,channel,value
0,85,12,1,0,0.4484898238339675+0.03691872553832898j
