TX_RX,step,group,BFIC,channel,value
0,85,8,1,2,0.5475326474615759+0.5229749836358225j
