TX_RX,step,group,BFIC,channel,value
1,170,2,0,0,0.11574533971686596+0.9161840190336759j
