TX_RX,step,group,BFIC,channel,value
0,0,6,0,1,0.894763070091687+0.34348337909495885j
