TX_RX,step,group,BFIC,channel,value
0,85,0,3,0,0.5929456692520647+0.42428956117115335j
