TX_RX,step,group,BFIC,channel,value
0,85,0,0,3,0.8220628797940943+0.961504152513826j
