TX_RX,step,group,BFIC,channel,value
1,170,0,1,1,0.4010993583985526+0.7569001253449064j
