TX_RX,step,group,BFIC,channel,value
0,170,10,3,2,0.7633019711159855+0.9167342206964493j
