TX_RX,step,group,BFIC,channel,value
1,0,13,0,1,0.030395102326879808+0.1319767994284764j
