TX_RX,step,group,BFIC,channel,value
1,170,0,3,3,0.44131765435383297+0.8859462765527599j
