TX_RX,step,group,BFIC,channel,value
0,85,12,0,3,0.2944491690882247+0.5461395439437673j
