TX_RX,step,group,BFIC,channel,value
0,85,10,0,3,0.8205326334613051+0.3771231161610904j
