TX_RX,step,group,BFIC,channel,value
0,170,4,2,1,0.824566445375866+0.6671097935754181j
