TX_RX,step,group,BFIC,channel,value
1,170,1,1,3,0.4282763468957944+0.29303975480060496j
