TX_RX,step,group,BFIC,channel,value
1,85,3,1,3,0.7864386886211331+0.3974314328108213j
