TX_RX,step,group,BFIC,channel,value
0,170,12,2,0,0.23232510669669137+0.12873761927117267j
