TX_RX,step,group,BFIC,channel,value
0,170,3,0,3,0.22397490992373914+0.9726017678508528j
