TX_RX,step,group,BFIC,channel,value
0,85,11,3,3,0.23665273014047394+0.3816885047709394j
