TX_RX,step,group,BFIC,channel,value
1,85,9,3,0,0.9967310171168996+0.810314661301416j
