TX_RX,step,group,BFIC,channel,value
1,255,5,1,3,0.33873470143671414+0.2630208507999493j
