TX_RX,step,group,BFIC,channel,value
0,85,15,2,3,0.1482392540909705+0.5073049195429837j
