TX_RX,step,group,BFIC,channel,value
1,85,13,1,0,0.6077913945848443+0.504598244949453j
