TX_RX,step,group,BFIC,channel,value
0,255,5,2,1,0.4100617963663651+0.6574855938819728j
