TX_RX,step,group,BFIC,channel,value
0,85,11,2,0,0.24461706353730384+0.5265239957918754j
