TX_RX,step,group,BFIC,channel,value
1,0,14,2,3,0.026151627509633513+0.9822022294989836j
