TX_RX,step,group,BFIC,channel,value
1,170,14,0,3,0.33941025955065607+0.9164412055919177j
