TX_RX,step,group,BFIC,channel,value
1,170,0,0,1,0.8425955106665131+0.639515951050311j
