TX_RX,step,group,BFIC,channel,value
0,170,0,2,3,0.8820338388683389+0.8287710616953571j
