TX_RX,step,group,BFIC,channel,value
0,0,0,3,2,0.5097788849112901+0.9397609253801622j
