TX_RX,step,group,BFIC,channel,value
0,170,4,0,3,0.9731328623591569+0.07639140364449226j
