TX_RX,step,group,BFIC,channel,value
0,85,6,3,2,0.09512540319929985+0.35215265577666155j
