TX_RX,step,group,BFIC,channel,value
0,170,7,2,3,0.5568760376006179+0.4874676047534009j
