TX_RX,step,group,BFIC,channel,value
1,170,7,0,2,0.30935417491964745+0.2723100693419137j
