TX_RX,step,group,BFIC,channel,value
1,85,5,3,3,0.10768937282745539+0.8922035772804913j
