TX_RX,step,group,BFIC,channel,value
1,170,6,0,3,0.5001598266275566+0.8876736269244443j
