TX_RX,step,group,BFIC,channel,value
0,170,3,2,3,0.6690227557853481+0.7393440185417602j
