TX_RX,step,group,BFIC,channel,value
0,255,9,1,0,0.2857760014287789+0.24991635032286263j
