TX_RX,step,group,BFIC,channel,value
0,170,14,1,0,0.5294437227095067+0.35438397383160414j
