TX_RX,step,group,BFIC,channel,value
1,255,6,1,2,0.7216888199437719+0.022748047314118947j
