TX_RX,step,group,BFIC,channel,value
1,85,13,2,1,0.6290196594369096+0.6589797746849543j
