TX_RX,step,group,BFIC,channel,value
1,170,1,0,1,0.9548087457722292+0.31114073773883033j
