TX_RX,step,group,BFIC,channel,value
0,0,8,0,3,0.2729361865786615+0.3975860648983912j
