TX_RX,step,group,BFIC,channel,value
1,0,14,3,0,0.2533589305957661+0.2329484583872271j
