TX_RX,step,group,BFIC,channel,value
1,255,5,0,0,0.6600747212327642+0.3778446159956703j
