TX_RX,step,group,BFIC,channel,value
0,255,14,2,1,0.47181542949315924+0.6769529070053174j
