TX_RX,step,group,BFIC,channel,value
0,85,7,0,0,0.02288131586274711+0.4147472998612153j
