TX_RX,step,group,BFIC,channel,value
1,85,2,3,0,0.21120420465208467+0.46578602992018203j
