TX_RX,step,group,BFIC,channel,value
0,170,3,1,0,0.09820095244318316+0.4216105643407875j
