TX_RX,step,group,BFIC,channel,value
0,255,6,1,1,0.3860944032032536+0.325910195342604j
