TX_RX,step,group,BFIC,channel,value
0,0,15,3,3,0.44196959475088504+0.09298464656789407j
