TX_RX,step,group,BFIC,channel,value
1,170,2,2,3,0.6606966879872007+0.09743183931292498j
