TX_RX,step,group,BFIC,channel,value
0,255,0,3,2,0.9048828468347696+0.24984716595521528j
