TX_RX,step,group,BFIC,channel,value
0,85,0,2,3,0.6878715557482165+0.4224821141192121j
