TX_RX,step,group,BFIC,channel,value
0,170,9,3,0,0.3323923516295396+0.847035275456565j
