TX_RX,step,group,BFIC,channel,value
1,170,11,2,1,0.11726577255419657+0.2018436826250395j
