TX_RX,step,group,BFIC,channel,value
1,85,14,3,2,0.5662956332316529+0.56126198999632j
