TX_RX,step,group,BFIC,channel,value
1,170,3,1,1,0.3042011660413839+0.3964014801345057j
