TX_RX,step,group,BFIC,channel,value
0,170,9,2,0,0.9351561120776859+0.32549652680231667j
