TX_RX,step,group,BFIC,channel,value
0,170,13,2,2,0.6180737821077175+0.8642583090254827j
