TX_RX,step,group,BFIC,channel,value
1,170,8,0,2,0.948301195192119+0.6420441696106001j
