TX_RX,step,group,BFIC,channel,value
0,85,11,1,2,0.8420790310556743+0.7588225171867815j
