TX_RX,step,group,BFIC,channel,value
0,0,10,2,0,0.9013591994341555+0.6361939358670535j
