TX_RX,step,group,BFIC,channel,value
0,85,7,1,0,0.8375211356485368+0.6211692694732155j
