TX_RX,step,group,BFIC,channel,value
1,85,2,0,3,0.9617689207420919+0.15931345174595646j
