TX_RX,step,group,BFIC,channel,value
1,0,4,0,0,0.5491504268761127+0.9389414974348989j
