TX_RX,step,group,BFIC,channel,value
0,85,3,0,2,0.47680958842086396+0.257532384937617j
