TX_RX,step,group,BFIC,channel,value
0,85,12,0,2,0.9235275501233792+0.7420362985224832j
