TX_RX,step,group,BFIC,channel,value
0,85,10,3,1,0.5927923547918487+0.1835034047551396j
