TX_RX,step,group,BFIC,channel,value
0,85,0,1,1,0.7864578018093022+0.9669196958266011j
