TX_RX,step,group,BFIC,channel,value
0,255,4,0,2,0.8953779160320208+0.358171230269298j
