TX_RX,step,group,BFIC,channel,value
0,0,11,0,3,0.6830454802213024+0.37080248100412294j
