TX_RX,step,group,BFIC,channel,value
0,170,11,0,2,0.8517558566641474+0.07972553600367505j
