TX_RX,step,group,BFIC,channel,value
1,0,2,1,0,0.41075804135276217+0.8667894849761989j
