TX_RX,step,group,BFIC,channel,value
1,85,1,2,3,0.37221612815333116+0.6353239200277017j
