TX_RX,step,group,BFIC,channel,value
0,85,11,2,3,0.19216036143491777+0.8663896345723684j
