TX_RX,step,group,BFIC,channel,value
1,255,7,3,0,0.23068705613471607+0.6163770704888059j
