TX_RX,step,group,BFIC,channel,value
1,255,6,2,3,0.6461957971540824+0.3191175541084923j
