TX_RX,step,group,BFIC,channel,value
0,255,13,1,1,0.5203395439860178+0.915310577845212j
