TX_RX,step,group,BFIC,channel,value
1,170,14,3,2,0.5735502458809549+0.9747067704602231j
