TX_RX,step,group,BFIC,channel,value
0,0,10,0,3,0.002879031640226848+0.3444373945497161j
