TX_RX,step,group,BFIC,channel,value
1,0,10,3,1,0.045709534281299424+0.30456337128171196j
