TX_RX,step,group,BFIC,channel,value
1,170,5,2,3,0.07757597314411036+0.37236155032662077j
