TX_RX,step,group,BFIC,channel,value
1,255,14,2,2,0.032913656889732024+0.04650465818391669j
