TX_RX,step,group,BFIC,channel,value
1,85,6,0,3,0.939702946726229+0.2955152636433731j
