TX_RX,step,group,BFIC,channel,value
0,0,9,0,0,0.9912930852913914+0.9762601002873199j
