TX_RX,step,group,BFIC,channel,value
0,0,9,3,2,0.8385435862445351+0.2110042635883841j
