TX_RX,step,group,BFIC,channel,value
0,170,10,2,2,0.9510628381932413+0.6159807283897496j
