TX_RX,step,group,BFIC,channel,value
1,170,14,1,1,0.9565279217281737+0.7696480984388501j
