TX_RX,step,group,BFIC,channel,value
1,255,8,3,0,0.27625445260096726+0.6080771420600664j
