TX_RX,step,group,BFIC,channel,value
0,0,11,1,3,0.23512170921648723+0.517223571112684j
