TX_RX,step,group,BFIC,channel,value
0,0,5,1,3,0.24797578416254173+0.1172531947351283j
