TX_RX,step,group,BFIC,channel,value
1,85,2,1,1,0.27842956964916676+0.8734006588230248j
