TX_RX,step,group,BFIC,channel,value
0,255,15,1,3,0.6602203373603729+0.12040148904117376j
