TX_RX,step,group,BFIC,channel,value
1,0,14,0,1,0.2613522104849111+0.04705720060736296j
