TX_RX,step,group,BFIC,channel,value
0,170,9,1,1,0.14466624871606948+0.04324792267284361j
