TX_RX,step,group,BFIC,channel,value
0,0,13,1,1,0.5072150303465738+0.8186780357749562j
