TX_RX,step,group,BFIC,channel,value
0,170,15,1,0,0.30662958171704124+0.46659575465855585j
