TX_RX,step,group,BFIC,channel,value
0,170,11,1,2,0.6263591507118967+0.25263049093131207j
