TX_RX,step,group,BFIC,channel,value
0,0,1,3,3,0.1109807874814619+0.5125838398811496j
