TX_RX,step,group,BFIC,channel,value
1,255,10,1,3,0.5619856713501843+0.7127932528937747j
