TX_RX,step,group,BFIC,channel,value
1,85,14,1,1,0.6506495556418954+0.4539504383908156j
