TX_RX,step,group,BFIC,channel,value
0,255,4,2,0,0.39103109353933874+0.5378220194483023j
