TX_RX,step,group,BFIC,channel,value
0,170,0,1,0,0.35234287290272215+0.7802532480697654j
