TX_RX,step,group,BFIC,channel,value
1,255,8,0,2,0.970319835534755+0.9607802787801489j
