TX_RX,step,group,BFIC,channel,value
0,0,14,0,1,0.9348425309405981+0.9171793942065414j
