TX_RX,step,group,BFIC,channel,value
0,255,8,1,0,0.21871977583556645+0.9198618009864472j
