TX_RX,step,group,BFIC,channel,value
1,85,12,2,2,0.8791368907952595+0.660992284610903j
