TX_RX,step,group,BFIC,channel,value
1,85,12,2,0,0.37059270560792035+0.10901035458464226j
