TX_RX,step,group,BFIC,channel,value
0,170,7,2,2,0.2762266468873529+0.822669549231619j
