TX_RX,step,group,BFIC,channel,value
0,170,9,0,2,0.4500348760341195+0.4436957679133139j
