TX_RX,step,group,BFIC,channel,value
0,170,11,3,1,0.9285863818470537+0.9062411561944461j
