TX_RX,step,group,BFIC,channel,value
0,0,7,1,2,0.4494405371638206+0.46224072210800937j
