TX_RX,step,group,BFIC,channel,value
1,170,6,2,2,0.32576015725048313+0.5024546230866169j
