TX_RX,step,group,BFIC,channel,value
0,85,3,2,0,0.5498585948743939+0.620687043650324j
