TX_RX,step,group,BFIC,channel,value
0,255,4,1,1,0.0035990076140717253+0.9015121734251488j
