TX_RX,step,group,BFIC,channel,value
0,85,6,1,2,0.03364079354560945+0.2546149708663724j
