TX_RX,step,group,BFIC,channel,value
1,0,5,2,3,0.5569575757299982+0.6227325003639043j
