TX_RX,step,group,BFIC,channel,value
0,255,14,3,3,0.2881769670517791+0.6941993078381578j
