TX_RX,step,group,BFIC,channel,value
0,255,13,1,2,0.14038700874663212+0.8395663765233684j
