TX_RX,step,group,BFIC,channel,value
1,170,15,0,2,0.5982034915108732+0.703184646815198j
