TX_RX,step,group,BFIC,channel,value
1,85,13,1,2,0.24477670833067955+0.015237297780018477j
