TX_RX,step,group,BFIC,channel,value
1,255,10,0,1,0.836529478102395+0.27219466245497426j
