TX_RX,step,group,BFIC,channel,value
1,85,3,1,1,0.8453502945592659+0.5030677518071797j
