TX_RX,step,group,BFIC,channel,value
1,170,10,1,2,0.3555894147980274+0.22375349995894178j
