TX_RX,step,group,BFIC,channel,value
1,170,4,3,2,0.28881050802471375+0.7292302402946488j
