TX_RX,step,group,BFIC,channel,value
0,0,12,3,3,0.6030894503255471+0.060684593650232155j
