TX_RX,step,group,BFIC,channel,value
1,255,13,0,0,0.5472559719699992+0.6699280316781486j
