TX_RX,step,group,BFIC,channel,value
0,0,12,0,3,0.14293808729051516+0.14454443353155833j
