TX_RX,step,group,BFIC,channel,value
0,255,6,1,3,0.8490584133747819+0.15372252832452427j
