TX_RX,step,group,BFIC,channel,value
1,85,5,0,3,0.9752405048125677+0.27134330648055527j
