TX_RX,step,group,BFIC,channel,value
0,170,12,3,1,0.3432552654427298+0.20880156116575876j
