TX_RX,step,group,BFIC,channel,value
0,255,13,2,1,0.39514910993343+0.4337839099074785j
