TX_RX,step,group,BFIC,channel,value
1,0,8,0,1,0.943298270654674+0.7657962772845249j
