TX_RX,step,group,BFIC,channel,value
0,170,15,3,0,0.8289792661625094+0.6234783708504977j
