TX_RX,step,group,BFIC,channel,value
0,0,3,0,3,0.03778160446596679+0.15701414388649104j
