TX_RX,step,group,BFIC,channel,value
1,170,13,2,3,0.8401855707789793+0.4833436533845348j
