TX_RX,step,group,BFIC,channel,value
0,85,13,3,2,0.5560144295845729+0.6681094433545618j
