TX_RX,step,group,BFIC,channel,value
1,85,6,3,3,0.524706718961535+0.9634930957471849j
