TX_RX,step,group,BFIC,channel,value
1,0,0,0,0,0.7587003276025528+0.05885848929654425j
