TX_RX,step,group,BFIC,channel,value
0,255,2,0,2,0.3620301537173103+0.7418302565818278j
