TX_RX,step,group,BFIC,channel,value
1,170,7,3,2,0.0019955627057147707+0.19508953381816085j
