TX_RX,step,group,BFIC,channel,value
0,255,3,0,0,0.7458823775797657+0.2781526506790347j
