TX_RX,step,group,BFIC,channel,value
0,85,15,0,0,0.30021108617620273+0.17929316993274436j
