TX_RX,step,group,BFIC,channel,value
1,85,7,1,3,0.903874477704394+0.8142816645557666j
