TX_RX,step,group,BFIC,channel,value
1,255,9,1,2,0.9178199835662997+0.139069839995679j
