TX_RX,step,group,BFIC,channel,value
1,170,0,1,2,0.8246312224622407+0.7171437654589791j
