TX_RX,step,group,BFIC,channel,value
0,255,9,3,2,0.7905047886484478+0.46694849754028456j
