TX_RX,step,group,BFIC,channel,value
1,255,10,3,1,0.6754917739819913+0.16658580890031627j
