TX_RX,step,group,BFIC,channel,value
1,0,1,3,0,0.33739636201387535+0.26184368512733813j
