TX_RX,step,group,BFIC,channel,value
0,0,10,2,2,0.9738393676631228+0.9694610075487131j
