TX_RX,step,group,BFIC,channel,value
0,255,8,3,2,0.4338677098955358+0.7996679982988719j
