TX_RX,step,group,BFIC,channel,value
0,170,11,3,2,0.04438405763463671+0.43009002725577283j
