TX_RX,step,group,BFIC,channel,value
1,85,2,1,2,0.438476638547715+0.95084294403917j
