TX_RX,step,group,BFIC,channel,value
0,0,9,1,2,0.06586548179284513+0.12258696281032888j
