TX_RX,step,group,BFIC,channel,value
1,255,8,2,2,0.0057844110704573515+0.8576659375136906j
