TX_RX,step,group,BFIC,channel,value
1,0,7,2,0,0.16946830827571324+0.009311882741070643j
