TX_RX,step,group,BFIC,channel,value
1,0,6,2,1,0.7170751442132652+0.6569931032082872j
