TX_RX,step,group,BFIC,channel,value
0,85,1,2,0,0.20486829300751763+0.1792875090920949j
