TX_RX,step,group,BFIC,channel,value
1,255,5,3,2,0.7665004709795727+0.8315640677242765j
