TX_RX,step,group,BFIC,channel,value
0,85,2,1,0,0.2117792660824641+0.06959809133106798j
