TX_RX,step,group,BFIC,channel,value
0,0,5,2,1,0.06066642443969228+0.6863988825943332j
