TX_RX,step,group,BFIC,channel,value
0,170,7,2,1,0.5669374484072711+0.2619192745732688j
