TX_RX,step,group,BFIC,channel,value
0,170,12,0,3,0.6624485934569332+0.027181376458201068j
