TX_RX,step,group,BFIC,channel,value
0,0,2,1,0,0.8351029424900352+0.23732687867883118j
