TX_RX,step,group,BFIC,channel,value
1,85,11,3,2,0.08152062349518874+0.28836814797666876j
