TX_RX,step,group,BFIC,channel,value
0,255,1,3,2,0.3481752253463031+0.39772851813634014j
