TX_RX,step,group,BFIC,channel,value
0,85,9,3,1,0.13985403697633747+0.05341732306234037j
