TX_RX,step,group,BFIC,channel,value
0,255,0,1,1,0.42624543523591774+0.4724885999038584j
