TX_RX,step,group,BFIC,channel,value
1,255,7,1,3,0.8757598890065097+0.721658747026207j
