TX_RX,step,group,BFIC,channel,value
1,255,15,3,3,0.9850283958152659+0.5567762163366629j
