TX_RX,step,group,BFIC,channel,value
1,255,9,1,3,0.05495931759893702+0.6499968431918803j
