TX_RX,step,group,BFIC,channel,value
0,170,0,0,2,0.336995538211486+0.6693170373395485j
