TX_RX,step,group,BFIC,channel,value
0,0,15,2,2,0.04992603270773077+0.5498265186223267j
