TX_RX,step,group,BFIC,channel,value
1,170,3,1,2,0.6869516134421705+0.7563563966059559j
