TX_RX,step,group,BFIC,channel,value
1,85,4,2,3,0.8765418730992605+0.8866300630991647j
