TX_RX,step,group,BFIC,channel,value
0,170,6,3,3,0.02271858229038326+0.46769541343858j
