TX_RX,step,group,BFIC,channel,value
0,0,8,0,2,0.371489361088733+0.2234721896893811j
