TX_RX,step,group,BFIC,channel,value
0,0,11,2,0,0.3078516853373562+0.10278465890169441j
