TX_RX,step,group,BFIC,channel,value
0,0,15,2,0,0.12434519122316245+0.3771006138243309j
