TX_RX,step,group,BFIC,channel,value
0,85,13,2,1,0.26048195694330445+0.35862282555421665j
