TX_RX,step,group,BFIC,channel,value
0,255,4,0,0,0.24813812032162752+0.5293841921164865j
