TX_RX,step,group,BFIC,channel,value
0,170,5,0,2,0.8106902490462436+0.18955401584982312j
