TX_RX,step,group,BFIC,channel,value
1,85,7,0,3,0.5385781746833315+0.10210026858245913j
