TX_RX,step,group,BFIC,channel,value
1,255,0,2,3,0.8067687291321809+0.6572346273754546j
