TX_RX,step,group,BFIC,channel,value
0,85,13,0,3,0.3122683306981593+0.8352043669376055j
