TX_RX,step,group,BFIC,channel,value
1,255,0,2,2,0.9685061009739437+0.01656276241748844j
