TX_RX,step,group,BFIC,channel,value
1,170,15,3,2,0.7996641353040537+0.30664809704423635j
