TX_RX,step,group,BFIC,channel,value
1,170,13,3,0,0.1769883676482883+0.4747508026117224j
