TX_RX,step,group,BFIC,channel,value
1,85,15,0,3,0.24951970440026505+0.7097086928435563j
