TX_RX,step,group,BFIC,channel,value
0,85,3,1,0,0.8267696607840411+0.31671206695261556j
