TX_RX,step,group,BFIC,channel,value
0,85,11,1,1,0.36523572121012093+0.6160576671137187j
