TX_RX,step,group,BFIC,channel,value
1,255,4,2,1,0.4392359362614062+0.5368808138932373j
