TX_RX,step,group,BFIC,channel,value
0,255,8,0,3,0.14351374235881065+0.7489611532242357j
