TX_RX,step,group,BFIC,channel,value
0,255,10,1,0,0.9251071830755415+0.4896659478950304j
