TX_RX,step,group,BFIC,channel,value
1,255,14,3,2,0.31429999482650395+0.8025449754714278j
