TX_RX,step,group,BFIC,channel,value
1,255,15,2,1,0.038403334731605954+0.6556334628278337j
