TX_RX,step,group,BFIC,channel,value
1,0,3,1,1,0.43782608383266497+0.8033815924476301j
