TX_RX,step,group,BFIC,channel,value
0,170,12,2,2,0.13865853425784525+0.8549222289618781j
