TX_RX,step,group,BFIC,channel,value
1,0,10,2,2,0.5771863148573443+0.9656428931525953j
