TX_RX,step,group,BFIC,channel,value
0,0,6,2,3,0.9671446676747146+0.3265889767605594j
