TX_RX,step,group,BFIC,channel,value
1,255,8,1,3,0.16529889727741598+0.8910388346710005j
