TX_RX,step,group,BFIC,channel,value
1,170,10,2,1,0.1712628503908431+0.9216713745361129j
