TX_RX,step,group,BFIC,channel,value
1,255,7,2,2,0.11880917793391377+0.8272659453131123j
