TX_RX,step,group,BFIC,channel,value
0,255,0,2,0,0.6391688014081792+0.9441002911286139j
