TX_RX,step,group,BFIC,channel,value
1,170,5,2,1,0.42785066343987166+0.3292707898545163j
