TX_RX,step,group,BFIC,channel,value
1,255,14,3,0,0.3763497160936847+0.29384942815880877j
