TX_RX,step,group,BFIC,channel,value
1,85,2,1,0,0.23666540315185047+0.3260761896476282j
