TX_RX,step,group,BFIC,channel,value
0,170,2,1,0,0.8940601035138825+0.6329544938285792j
