TX_RX,step,group,BFIC,channel,value
1,85,8,2,0,0.5611362157864169+0.11775222025914611j
