TX_RX,step,group,BFIC,channel,value
0,0,5,2,2,0.18691987570477298+0.41157624704172235j
