TX_RX,step,group,BFIC,channel,value
1,0,11,2,2,0.43879379640468463+0.09312721854925199j
