TX_RX,step,group,BFIC,channel,value
1,0,14,0,2,0.3111607877992971+0.6251051656820583j
