TX_RX,step,group,BFIC,channel,value
0,85,6,3,0,0.041538488630467274+0.03431006303634543j
