TX_RX,step,group,BFIC,channel,value
0,0,4,0,3,0.23092019725080204+0.8593758066356778j
