TX_RX,step,group,BFIC,channel,value
0,255,15,3,0,0.6690697095375624+0.32476885545724665j
