TX_RX,step,group,BFIC,channel,value
1,255,3,3,2,0.8669838928867706+0.19520224542981834j
