TX_RX,step,group,BFIC,channel,value
0,170,15,2,1,0.7008852140916849+0.46365061468846425j
