TX_RX,step,group,BFIC,channel,value
0,85,3,1,2,0.6553062898098256+0.10484876596153636j
