TX_RX,step,group,BFIC,channel,value
0,170,0,3,0,0.20612200768289057+0.8052557173297348j
