TX_RX,step,group,BFIC,channel,value
1,170,13,1,2,0.016923324634917414+0.6977090115960645j
