TX_RX,step,group,BFIC,channel,value
0,85,9,2,0,0.7577252441233391+0.018641822668193253j
