TX_RX,step,group,BFIC,channel,value
1,255,2,2,2,0.7514663567983833+0.726016255126708j
