TX_RX,step,group,BFIC,channel,value
0,170,9,0,3,0.839860068711908+0.015154719630239621j
