TX_RX,step,group,BFIC,channel,value
0,255,11,1,1,0.13556244306058873+0.7777281241325151j
