TX_RX,step,group,BFIC,channel,value
0,170,13,3,1,0.5662909832944653+0.09900353526047145j
