TX_RX,step,group,BFIC,channel,value
1,170,9,1,2,0.7086363968390991+0.2870623944581361j
