TX_RX,step,group,BFIC,channel,value
1,85,12,3,0,0.14451121550949608+0.3397478802424849j
