TX_RX,step,group,BFIC,channel,value
1,85,8,3,3,0.27871201225746256+0.026126900103590867j
