TX_RX,step,group,BFIC,channel,value
0,170,13,0,3,0.489647232809834+0.2107590306006285j
