TX_RX,step,group,BFIC,channel,value
1,0,9,3,0,0.7141897604855243+0.5872983435866717j
