TX_RX,step,group,BFIC,channel,value
1,0,6,3,0,0.5268878861824405+0.2028362689951242j
