TX_RX,step,group,BFIC,channel,value
1,85,14,1,2,0.18768347744316505+0.3678306306974034j
