TX_RX,step,group,BFIC,channel,value
0,255,0,0,2,0.4644272932598763+0.8130776522101436j
