TX_RX,step,group,BFIC,channel,value
0,85,13,1,2,0.8625554571283431+0.5334916375188569j
