TX_RX,step,group,BFIC,channel,value
1,255,0,1,0,0.13858931772871108+0.5168132453082012j
