TX_RX,step,group,BFIC,channel,value
1,255,9,3,3,0.9695154380639043+0.25112399143561415j
