TX_RX,step,group,BFIC,channel,value
0,255,0,0,1,0.4256272854079777+0.6681006672742461j
