TX_RX,step,group,BFIC,channel,value
1,170,6,3,2,0.40851902332988044+0.4628405636511943j
