TX_RX,step,group,BFIC,channel,value
1,85,13,3,0,0.8667308742338244+0.6307193306306139j
