TX_RX,step,group,BFIC,channel,value
0,255,1,0,0,0.2996256227801106+0.7935775384109979j
