TX_RX,step,group,BFIC,channel,value
0,0,10,3,3,0.24318977564176392+0.21837365865648206j
