TX_RX,step,group,BFIC,channel,value
0,85,7,3,2,0.8253824734533931+0.5336011446195916j
