TX_RX,step,group,BFIC,channel,value
1,85,0,2,1,0.16807927668211364+0.5249134834897403j
