TX_RX,step,group,BFIC,channel,value
0,85,14,2,1,0.10773761736259746+0.9814639136237451j
