TX_RX,step,group,BFIC,channel,value
1,255,3,0,0,0.5964720910618861+0.6175435656004625j
