TX_RX,step,group,BFIC,channel,value
0,85,9,1,3,0.10184809630759828+0.2604728401550148j
