TX_RX,step,group,BFIC,channel,value
0,255,13,0,0,0.7327469767008635+0.03345916583774167j
