TX_RX,step,group,BFIC,channel,value
0,85,5,0,2,0.29831776608058247+0.20847531057147528j
