TX_RX,step,group,BFIC,channel,value
0,85,10,2,1,0.31997361139555747+0.6439336474083638j
