TX_RX,step,group,BFIC,channel,value
1,255,2,1,0,0.5590696887695821+0.3806283683999404j
