TX_RX,step,group,BFIC,channel,value
0,255,9,1,2,0.7139974515668639+0.46111987116185627j
