TX_RX,step,group,BFIC,channel,value
0,170,10,3,0,0.4575388477556984+0.17450064960283196j
