TX_RX,step,group,BFIC,channel,value
0,255,12,0,0,0.7312207139890293+0.5155020039904071j
