TX_RX,step,group,BFIC,channel,value
0,170,15,2,2,0.8337561646132488+0.4452270511391476j
