TX_RX,step,group,BFIC,channel,value
1,255,7,3,3,0.5245903242146384+0.22296045082210325j
