TX_RX,step,group,BFIC,channel,value
1,85,0,3,2,0.7861565117355604+0.06538685113563458j
