TX_RX,step,group,BFIC,channel,value
0,255,7,3,0,0.3206113382482596+0.6716477595275576j
