TX_RX,step,group,BFIC,channel,value
0,0,5,3,2,0.7467851105249534+0.11246173194172593j
