TX_RX,step,group,BFIC,channel,value
1,170,4,0,1,0.3550707191480198+0.025738540644872798j
