TX_RX,step,group,BFIC,channel,value
0,170,4,1,0,0.6218766941523771+0.7975710548280699j
