TX_RX,step,group,BFIC,channel,value
0,85,5,3,0,0.19410079292916915+0.4165180181722411j
