TX_RX,step,group,BFIC,channel,value
0,255,15,3,3,0.24678631983015342+0.6723782050169116j
