TX_RX,step,group,BFIC,channel,value
1,85,5,0,1,0.9672936333677258+0.14577963837541974j
