TX_RX,step,group,BFIC,channel,value
1,0,10,3,2,0.22729585971357946+0.566157328372873j
