TX_RX,step,group,BFIC,channel,value
1,0,5,3,0,0.5136272907506276+0.26583779900195303j
