TX_RX,step,group,BFIC,channel,value
0,0,8,2,1,0.2129120947688844+0.39328953105105424j
