TX_RX,step,group,BFIC,channel,value
0,170,4,2,2,0.6615184834313519+0.4544017766861571j
