TX_RX,step,group,BFIC,channel,value
0,85,3,2,3,0.10362510451209372+0.5581171878837249j
