TX_RX,step,group,BFIC,channel,value
1,255,4,2,0,0.7385738081453821+0.3956088041460488j
