TX_RX,step,group,BFIC,channel,value
0,85,7,0,3,0.8104297751898575+0.7324467270337465j
