TX_RX,step,group,BFIC,channel,value
0,85,1,0,2,0.41480389797711315+0.23438236549973246j
