TX_RX,step,group,BFIC,channel,value
0,0,12,3,0,0.8180159194784733+0.8533950318683869j
