TX_RX,step,group,BFIC,channel,value
1,85,3,0,0,0.11547416413906064+0.3979289588695136j
