TX_RX,step,group,BFIC,channel,value
0,170,2,1,2,0.47934399348042644+0.06083204116658392j
