TX_RX,step,group,BFIC,channel,value
1,0,2,0,0,0.8144544779843561+0.8592499750783337j
