TX_RX,step,group,BFIC,channel,value
1,255,9,2,3,0.05236318628357317+0.21878471745955064j
