TX_RX,step,group,BFIC,channel,value
1,170,13,0,1,0.5838750009025836+0.489761251239174j
