TX_RX,step,group,BFIC,channel,value
1,85,10,1,2,0.5201277369390368+0.7353804506932822j
