TX_RX,step,group,BFIC,channel,value
0,85,14,2,0,0.6041163925244515+0.0007465554277186204j
