TX_RX,step,group,BFIC,channel,value
0,255,5,3,2,0.8231636638449107+0.9809322611187197j
