TX_RX,step,group,BFIC,channel,value
0,0,6,3,1,0.8731444562073686+0.6259343688182144j
