TX_RX,step,group,BFIC,channel,value
0,255,10,0,3,0.3778560704141881+0.2437464571127288j
