TX_RX,step,group,BFIC,channel,value
1,255,13,0,2,0.1785798836429321+0.7851868799191791j
