TX_RX,step,group,BFIC,channel,value
1,0,12,3,1,0.21094452684276432+0.31699033037525426j
