TX_RX,step,group,BFIC,channel,value
0,255,5,0,1,0.9164022534875795+0.4994508598685321j
