TX_RX,step,group,BFIC,channel,value
0,85,2,1,1,0.7363330978087803+0.3918638396763705j
