TX_RX,step,group,BFIC,channel,value
1,170,13,0,3,0.03031293108913169+0.9148682170993307j
