TX_RX,step,group,BFIC,channel,value
0,255,10,1,2,0.719682057878607+0.3468986019680206j
