TX_RX,step,group,BFIC,channel,value
0,85,3,0,1,0.5561202629943296+0.9788853405838427j
