TX_RX,step,group,BFIC,channel,value
1,170,15,2,2,0.1351315628883779+0.24469285114260486j
