TX_RX,step,group,BFIC,channel,value
1,170,4,1,3,0.38768490069170136+0.029108404365155605j
