TX_RX,step,group,BFIC,channel,value
0,85,10,3,3,0.45738511661326275+0.6073165759092671j
