TX_RX,step,group,BFIC,channel,value
1,255,5,2,0,0.4374313105547085+0.9381477308816965j
