TX_RX,step,group,BFIC,channel,value
0,255,9,2,1,0.7300816370640654+0.7971713601192854j
