TX_RX,step,group,BFIC,channel,value
1,85,8,2,3,0.8628694159971859+0.9930694969064539j
