TX_RX,step,group,BFIC,channel,value
1,170,5,3,2,0.6550781014266377+0.9677677668324703j
