TX_RX,step,group,BFIC,channel,value
0,170,12,1,1,0.8251387731891033+0.5464436324937952j
