TX_RX,step,group,BFIC,channel,value
0,170,3,0,0,0.9576892098512153+0.004266885639523932j
