TX_RX,step,group,BFIC,channel,value
0,255,10,1,1,0.12977356387210892+0.5003718645772239j
