TX_RX,step,group,BFIC,channel,value
0,85,15,0,1,0.5412257678321906+0.06977407732677876j
