TX_RX,step,group,BFIC,channel,value
0,85,10,1,1,0.22534041204465916+0.01835522585089766j
