TX_RX,step,group,BFIC,channel,value
0,170,13,3,0,0.584474204498905+0.9290890248976429j
