TX_RX,step,group,BFIC,channel,value
0,85,12,2,2,0.7911537382814573+0.9298644650467623j
