TX_RX,step,group,BFIC,channel,value
1,0,13,2,1,0.4965493162912574+0.6487027847825674j
