TX_RX,step,group,BFIC,channel,value
0,85,3,0,0,0.06925627453583993+0.7304658771546705j
