TX_RX,step,group,BFIC,channel,value
1,255,1,1,3,0.6964031988540549+0.29248502280946875j
