TX_RX,step,group,BFIC,channel,value
1,255,5,0,1,0.6886447567081972+0.8778593643276191j
