TX_RX,step,group,BFIC,channel,value
0,255,4,3,0,0.07041238475324796+0.6656887228657051j
