TX_RX,step,group,BFIC,channel,value
0,170,0,1,3,0.9640138042677079+0.5800807591339078j
