TX_RX,step,group,BFIC,channel,value
0,170,3,3,2,0.20053473118702847+0.3018046217637266j
