TX_RX,step,group,BFIC,channel,value
1,85,10,1,0,0.36984013046873965+0.21805672752968697j
