TX_RX,step,group,BFIC,channel,value
1,0,4,1,0,0.48038022919004264+0.10076187691148819j
