TX_RX,step,group,BFIC,channel,value
0,85,14,0,3,0.010396640723984829+0.6174049414027576j
