TX_RX,step,group,BFIC,channel,value
0,85,6,3,3,0.7519288070279763+0.12983560104138414j
