TX_RX,step,group,BFIC,channel,value
0,85,9,1,2,0.28277442318092605+0.5076071479454535j
