TX_RX,step,group,BFIC,channel,value
1,170,10,0,0,0.05298053944835723+0.31642514068056415j
