TX_RX,step,group,BFIC,channel,value
0,255,3,1,3,0.027356983017868708+0.5060786108975192j
