TX_RX,step,group,BFIC,channel,value
0,170,5,3,3,0.5637065954626657+0.5448698169481065j
