TX_RX,step,group,BFIC,channel,value
1,85,8,1,3,0.7651099217371349+0.2740193388637886j
