TX_RX,step,group,BFIC,channel,value
1,170,4,2,2,0.25449617971830385+0.7552063948228577j
