TX_RX,step,group,BFIC,channel,value
1,0,2,0,3,0.7639934166994684+0.914721593457558j
