TX_RX,step,group,BFIC,channel,value
1,255,3,3,3,0.780246952682463+0.7280679891207441j
