TX_RX,step,group,BFIC,channel,value
0,85,7,0,1,0.8001315096509977+0.835965418353349j
