TX_RX,step,group,BFIC,channel,value
1,85,0,2,0,0.5846881663637192+0.6652287025327234j
