TX_RX,step,group,BFIC,channel,value
1,0,12,0,3,0.6729356250971336+0.23032421188661278j
