TX_RX,step,group,BFIC,channel,value
1,0,13,2,2,0.6502408522486609+0.20467446512098186j
