TX_RX,step,group,BFIC,channel,value
0,255,0,2,2,0.3013514737306101+0.8639162696803315j
