TX_RX,step,group,BFIC,channel,value
0,0,10,0,0,0.04443829948564759+0.8147319661527075j
