TX_RX,step,group,BFIC,channel,value
1,85,15,1,2,0.5290321332267443+0.11901930579751296j
