TX_RX,step,group,BFIC,channel,value
1,255,7,1,1,0.44907095829134547+0.48704945954711865j
