TX_RX,step,group,BFIC,channel,value
0,0,14,0,3,0.8102144365078136+0.18003645454252015j
