TX_RX,step,group,BFIC,channel,value
0,255,12,1,3,0.5675970420672373+0.4586210137267752j
