TX_RX,step,group,BFIC,channel,value
1,85,0,2,3,0.651102597045269+0.5000629401150332j
