TX_RX,step,group,BFIC,channel,value
0,170,3,2,2,0.6907987751107079+0.20461583312403586j
