TX_RX,step,group,BFIC,channel,value
0,85,4,3,2,0.02165573137300847+0.8563666817076243j
