TX_RX,step,group,BFIC,channel,value
0,255,4,2,3,0.8029867244584823+0.9488830649466701j
