TX_RX,step,group,BFIC,channel,value
0,255,3,2,2,0.23176420103703377+0.4039541935590313j
