TX_RX,step,group,BFIC,channel,value
1,255,13,2,2,0.31671706342276584+0.8292933827268014j
