TX_RX,step,group,BFIC,channel,value
0,85,13,0,0,0.18196155324693708+0.23813686209493268j
