TX_RX,step,group,BFIC,channel,value
1,0,12,2,3,0.09145213765108806+0.05192201962514187j
