TX_RX,step,group,BFIC,channel,value
0,170,6,2,2,0.4840771692047512+0.8730531992860048j
