TX_RX,step,group,BFIC,channel,value
0,170,3,0,1,0.3145372191714424+0.5805316475185784j
