TX_RX,step,group,BFIC,channel,value
1,85,5,0,2,0.09392599171546101+0.31729430441854667j
