TX_RX,step,group,BFIC,channel,value
0,0,10,3,2,0.5791284466938555+0.7126523346760175j
