TX_RX,step,group,BFIC,channel,value
0,255,14,1,0,0.0496045524960248+0.3981969203943214j
