TX_RX,step,group,BFIC,channel,value
1,85,5,1,0,0.40110113003473535+0.9104551962043822j
