TX_RX,step,group,BFIC,channel,value
0,255,2,3,2,0.4029709165831348+0.07392997472259621j
