TX_RX,step,group,BFIC,channel,value
0,170,10,0,2,0.6725276553202572+0.6301516001686355j
