TX_RX,step,group,BFIC,channel,value
0,255,15,3,1,0.6317147848726026+0.8911024698471339j
