TX_RX,step,group,BFIC,channel,value
0,85,11,2,1,0.5684927316283935+0.7049595970996516j
