TX_RX,step,group,BFIC,channel,value
1,170,7,1,3,0.71131960548076+0.04431580246228517j
