TX_RX,step,group,BFIC,channel,value
0,255,14,0,3,0.03782549763849352+0.40015834709921394j
