TX_RX,step,group,BFIC,channel,value
1,85,1,0,2,0.5287739916149147+0.13807855670376978j
