TX_RX,step,group,BFIC,channel,value
1,170,14,1,3,0.1872639933539224+0.10720235887777096j
