TX_RX,step,group,BFIC,channel,value
0,85,13,1,1,0.7788141912241732+0.43671405078839176j
