TX_RX,step,group,BFIC,channel,value
1,0,4,0,2,0.48820723809383315+0.7582632375891635j
