TX_RX,step,group,BFIC,channel,value
0,0,11,0,0,0.8392963851644589+0.9594326967665868j
