TX_RX,step,group,BFIC,channel,value
0,170,6,1,0,0.6436545303814885+0.9583084289549608j
