TX_RX,step,group,BFIC,channel,value
0,0,8,3,3,0.30041937408745634+0.07356243919325545j
