TX_RX,step,group,BFIC,channel,value
0,0,10,3,0,0.009778922012063096+0.9659447699855646j
