TX_RX,step,group,BFIC,channel,value
1,170,13,2,1,0.3226075320650107+0.8526122708802922j
