TX_RX,step,group,BFIC,channel,value
1,0,7,1,2,0.24148671119057408+0.6223628466683913j
