TX_RX,step,group,BFIC,channel,value
1,170,5,0,2,0.8621648128334712+0.8393211058973319j
