TX_RX,step,group,BFIC,channel,value
1,255,2,3,2,0.05345889763742895+0.31583952600561893j
