TX_RX,step,group,BFIC,channel,value
1,255,13,3,3,0.04936567375158529+0.07504417223513582j
