TX_RX,step,group,BFIC,channel,value
1,85,3,3,0,0.8118394087826146+0.3935856800283489j
