TX_RX,step,group,BFIC,channel,value
0,170,12,0,2,0.2433218109708003+0.3380669329569014j
