TX_RX,step,group,BFIC,channel,value
1,255,6,3,2,0.8127106439190357+0.8677245742187668j
