TX_RX,step,group,BFIC,channel,value
0,170,1,2,0,0.6151519901570851+0.10816979460491738j
