TX_RX,step,group,BFIC,channel,value
1,0,3,3,0,0.06502113989405489+0.1965541548202726j
