TX_RX,step,group,BFIC,channel,value
1,0,10,2,1,0.4058080748546826+0.1820212516876506j
