TX_RX,step,group,BFIC,channel,value
0,85,4,0,1,0.3412606060192921+0.25379515854618806j
