TX_RX,step,group,BFIC,channel,value
0,255,2,3,0,0.23121237969621922+0.5187677167737403j
