TX_RX,step,group,BFIC,channel,value
0,85,4,1,2,0.3422684344939131+0.8945876726770857j
