TX_RX,step,group,BFIC,channel,value
0,170,6,3,2,0.22897345469341623+0.18609344808494233j
