TX_RX,step,group,BFIC,channel,value
0,255,11,2,1,0.07840361620513758+0.2129239960908742j
