TX_RX,step,group,BFIC,channel,value
0,170,4,2,0,0.8379526351966268+0.15163795830774351j
