TX_RX,step,group,BFIC,channel,value
1,0,6,0,1,0.9094678229382545+0.1044733608953472j
