TX_RX,step,group,BFIC,channel,value
0,0,13,0,0,0.6996850616244755+0.16189614330568003j
