TX_RX,step,group,BFIC,channel,value
1,85,10,0,1,0.7321656631772311+0.45781397910013255j
