TX_RX,step,group,BFIC,channel,value
1,170,9,3,3,0.7065920649508457+0.3161008122040613j
