TX_RX,step,group,BFIC,channel,value
0,0,3,3,2,0.3511066823237574+0.06814323269398581j
