TX_RX,step,group,BFIC,channel,value
1,255,1,0,1,0.9717504212259026+0.6407701439693155j
