TX_RX,step,group,BFIC,channel,value
1,0,15,3,0,0.510421490602293+0.08243292749659414j
