TX_RX,step,group,BFIC,channel,value
1,255,9,1,1,0.6713879979518702+0.5207699757373666j
