TX_RX,step,group,BFIC,channel,value
1,255,1,1,2,0.16054085728973821+0.8524102973359483j
