TX_RX,step,group,BFIC,channel,value
0,170,14,2,2,0.2862330761394968+0.1361022664042114j
