TX_RX,step,group,BFIC,channel,value
1,170,5,0,1,0.2741023729340494+0.5531628149707865j
