TX_RX,step,group,BFIC,channel,value
0,0,14,2,0,0.39913467399761426+0.2764766555832001j
