TX_RX,step,group,BFIC,channel,value
1,170,4,3,0,0.554089431595292+0.7866404785962137j
