TX_RX,step,group,BFIC,channel,value
0,85,10,2,3,0.35253481747650395+0.5997217871909705j
