TX_RX,step,group,BFIC,channel,value
0,255,15,2,0,0.2534598937209209+0.49863943609336514j
