TX_RX,step,group,BFIC,channel,value
1,85,12,1,0,0.6586378436286946+0.04788131990001332j
