TX_RX,step,group,BFIC,channel,value
1,170,15,1,1,0.28993657458341826+0.35414935050922736j
