TX_RX,step,group,BFIC,channel,value
1,170,2,1,1,0.2633326957403288+0.5278185944427197j
