TX_RX,step,group,BFIC,channel,value
1,85,15,2,0,0.6862761984509831+0.5546840740389667j
