TX_RX,step,group,BFIC,channel,value
1,255,8,3,3,0.29349807710123954+0.6499304803214426j
