TX_RX,step,group,BFIC,channel,value
1,0,8,1,1,0.13393140509061996+0.4496421920312865j
