TX_RX,step,group,BFIC,channel,value
1,0,8,3,1,0.2506742649770648+0.9196566718704733j
