TX_RX,step,group,BFIC,channel,value
0,255,12,1,1,0.09093391660550054+0.5081187364648938j
