TX_RX,step,group,BFIC,channel,value
1,85,12,1,1,0.383493580642864+0.6883993094469567j
