TX_RX,step,group,BFIC,channel,value
0,170,11,0,0,0.9314538091051993+0.8386963160225597j
