TX_RX,step,group,BFIC,channel,value
1,0,13,0,3,0.7279490931024093+0.02461359175348432j
