TX_RX,step,group,BFIC,channel,value
1,255,8,1,2,0.2988393483509528+0.6099811029634029j
