TX_RX,step,group,BFIC,channel,value
0,255,6,2,1,0.6723734606975704+0.0877096707984657j
