TX_RX,step,group,BFIC,channel,value
0,85,0,0,2,0.04985312248149987+0.7774858414970867j
