TX_RX,step,group,BFIC,channel,value
1,0,12,0,1,0.9496604769349738+0.7909732617713683j
