TX_RX,step,group,BFIC,channel,value
0,85,0,0,0,0.2683763326109031+0.47588013316064304j
