TX_RX,step,group,BFIC,channel,value
0,85,4,2,0,0.9693343665501412+0.9495457516763556j
