TX_RX,step,group,BFIC,channel,value
0,170,2,3,3,0.814091385319019+0.3427956500693705j
