TX_RX,step,group,BFIC,channel,value
1,170,11,0,3,0.28278613126199326+0.5274280456343011j
