TX_RX,step,group,BFIC,channel,value
0,255,11,2,3,0.6211494962433719+0.7735428537913672j
