TX_RX,step,group,BFIC,channel,value
0,85,7,3,0,0.7604336333958587+0.6893018080068068j
