TX_RX,step,group,BFIC,channel,value
1,85,10,1,1,0.3917773436130282+0.0029083367803596216j
