TX_RX,step,group,BFIC,channel,value
0,85,1,3,1,0.8886867680790191+0.917068304953661j
