TX_RX,step,group,BFIC,channel,value
0,0,10,1,3,0.0210158613731406+0.6669247665509915j
