TX_RX,step,group,BFIC,channel,value
1,255,8,0,1,0.555589539099747+0.39257881816015516j
