TX_RX,step,group,BFIC,channel,value
0,0,14,0,2,0.6950301832972146+0.8530440265667625j
