TX_RX,step,group,BFIC,channel,value
0,85,15,1,1,0.013017061425203091+0.8261722112895288j
