TX_RX,step,group,BFIC,channel,value
0,0,1,3,0,0.6309651431867007+0.1857781179293656j
