TX_RX,step,group,BFIC,channel,value
0,85,14,0,1,0.35978650794342126+0.304489059081284j
