TX_RX,step,group,BFIC,channel,value
0,0,2,3,3,0.5635330906936719+0.36964930621175074j
