TX_RX,step,group,BFIC,channel,value
0,170,4,3,3,0.8768549891981318+0.38216784134108517j
