TX_RX,step,group,BFIC,channel,value
1,170,0,2,3,0.1134735735272685+0.05269017843003776j
