TX_RX,step,group,BFIC,channel,value
1,0,11,3,2,0.4797370214646606+0.3892570049317505j
