TX_RX,step,group,BFIC,channel,value
1,85,0,1,3,0.8338161567262371+0.5106909458598217j
