TX_RX,step,group,BFIC,channel,value
1,255,4,1,1,0.8843934006346844+0.8484924848016836j
