TX_RX,step,group,BFIC,channel,value
0,85,7,0,2,0.8889948442181734+0.5188857717607832j
