TX_RX,step,group,BFIC,channel,value
1,255,8,3,2,0.6523730227339546+0.03814189470841489j
