TX_RX,step,group,BFIC,channel,value
0,0,5,1,0,0.6689234181933609+0.6044303740339148j
