TX_RX,step,group,BFIC,channel,value
0,0,7,1,1,0.7601175594204143+0.6383339446251046j
