TX_RX,step,group,BFIC,channel,value
1,85,2,3,2,0.590655957431165+0.02865476600145811j
