TX_RX,step,group,BFIC,channel,value
0,85,15,3,3,0.39045743469293737+0.4729617258272776j
