TX_RX,step,group,BFIC,channel,value
1,170,10,2,0,0.13169257354941377+0.7590636387738197j
