TX_RX,step,group,BFIC,channel,value
0,85,11,2,2,0.43052383888307555+0.46601397905272546j
