TX_RX,step,group,BFIC,channel,value
1,170,6,0,2,0.00630619731687565+0.7809899916958539j
