TX_RX,step,group,BFIC,channel,value
1,255,12,2,0,0.0812215450940933+0.8751082963295764j
