TX_RX,step,group,BFIC,channel,value
1,255,13,2,1,0.8373575956412055+0.7074855642341535j
