TX_RX,step,group,BFIC,channel,value
0,85,13,0,2,0.4368345784574329+0.6188182586998727j
