TX_RX,step,group,BFIC,channel,value
0,0,0,1,0,0.02260027752873872+0.19851058344780248j
