TX_RX,step,group,BFIC,channel,value
1,0,2,2,2,0.9498062717279365+0.681201788893816j
