TX_RX,step,group,BFIC,channel,value
1,170,15,3,0,0.12561566568983218+0.46795665526186003j
