TX_RX,step,group,BFIC,channel,value
1,255,9,0,3,0.02756414314050315+0.9737114079204868j
