TX_RX,step,group,BFIC,channel,value
1,0,0,3,0,0.08722844179288791+0.40032976353726557j
