TX_RX,step,group,BFIC,channel,value
1,170,6,2,3,0.9876229353617768+0.6141607288995238j
