TX_RX,step,group,BFIC,channel,value
1,255,0,0,1,0.40980365350741865+0.46278391508991956j
