TX_RX,step,group,BFIC,channel,value
0,255,13,0,2,0.720882098690977+0.2611595061525197j
