TX_RX,step,group,BFIC,channel,value
1,0,4,1,2,0.7059603704828229+0.6374342202703306j
