TX_RX,step,group,BFIC,channel,value
1,255,11,0,3,0.13948542384668794+0.9353739472328318j
