TX_RX,step,group,BFIC,channel,value
0,0,3,2,0,0.06739338339784384+0.5380313834648451j
