TX_RX,step,group,BFIC,channel,value
0,170,3,2,1,0.9478148838312288+0.5770696994871226j
