TX_RX,step,group,BFIC,channel,value
0,0,11,0,1,0.6544726596551688+0.712229627349928j
