TX_RX,step,group,BFIC,channel,value
1,85,1,1,3,0.30322568557162244+0.8155697687022756j
