TX_RX,step,group,BFIC,channel,value
1,255,12,3,2,0.4941866568529497+0.9276708001635026j
