TX_RX,step,group,BFIC,channel,value
1,170,1,3,0,0.7075696844348994+0.7017812734921507j
