TX_RX,step,group,BFIC,channel,value
1,255,7,3,2,0.500792430319362+0.1995838728340894j
