TX_RX,step,group,BFIC,channel,value
1,85,14,1,0,0.27092072085327623+0.325517553032023j
