TX_RX,step,group,BFIC,channel,value
0,255,12,2,1,0.44165299245594125+0.5923120701906824j
