TX_RX,step,group,BFIC,channel,value
1,255,6,1,0,0.06896618561508727+0.7003913041041773j
