TX_RX,step,group,BFIC,channel,value
0,0,0,3,1,0.2228258937187576+0.17105697816665022j
