TX_RX,step,group,BFIC,channel,value
1,85,15,0,2,0.40014255026077894+0.6790844641580552j
