TX_RX,step,group,BFIC,channel,value
1,0,0,3,2,0.5626982000355059+0.13209001707684465j
