TX_RX,step,group,BFIC,channel,value
0,170,5,2,2,0.9285703212450305+0.13921810646620014j
