TX_RX,step,group,BFIC,channel,value
0,170,6,3,0,0.4158863956497717+0.4350146535176068j
