TX_RX,step,group,BFIC,channel,value
0,255,0,2,3,0.7873830327121207+0.483780967062055j
