TX_RX,step,group,BFIC,channel,value
0,85,15,3,1,0.9816785076378841+0.2726688470189307j
