TX_RX,step,group,BFIC,channel,value
1,170,7,1,1,0.28091773260289765+0.045829348310243656j
