TX_RX,step,group,BFIC,channel,value
1,0,14,2,1,0.797000559565208+0.28091537873194194j
