TX_RX,step,group,BFIC,channel,value
1,85,9,1,2,0.7240435958207678+0.6684432059195287j
