TX_RX,step,group,BFIC,channel,value
0,255,10,3,3,0.31552736949941074+0.1650205014235091j
