TX_RX,step,group,BFIC,channel,value
0,255,14,2,3,0.8585010224695455+0.11558646498779246j
