TX_RX,step,group,BFIC,channel,value
0,85,8,0,3,0.4372025333866961+0.43643424185385493j
