TX_RX,step,group,BFIC,channel,value
0,85,14,1,1,0.49887957958887275+0.916876116626394j
