TX_RX,step,group,BFIC,channel,value
1,170,2,1,0,0.15723212075703064+0.05744564959308507j
