TX_RX,step,group,BFIC,channel,value
1,255,2,1,1,0.49536850021735546+0.7200228613534115j
