TX_RX,step,group,BFIC,channel,value
1,255,15,1,3,0.0751067827837697+0.8623860464011227j
