TX_RX,step,group,BFIC,channel,value
1,85,8,0,2,0.047871149668212376+0.2578093841749437j
