TX_RX,step,group,BFIC,channel,value
1,170,3,1,0,0.08356364453088105+0.5244833388830596j
