TX_RX,step,group,BFIC,channel,value
0,170,4,3,0,0.00469246207313645+0.8400082796360574j
