TX_RX,step,group,BFIC,channel,value
0,0,15,1,0,0.9509452009480713+0.8177893039838636j
