TX_RX,step,group,BFIC,channel,value
0,85,9,2,1,0.598710755501008+0.44708347402757476j
