TX_RX,step,group,BFIC,channel,value
1,255,3,0,2,0.12523599268771257+0.40375610178196064j
