TX_RX,step,group,BFIC,channel,value
1,0,11,3,1,0.4876466621678647+0.07863304921807146j
