TX_RX,step,group,BFIC,channel,value
1,85,10,3,2,0.17622848086956855+0.42486117787630084j
