TX_RX,step,group,BFIC,channel,value
0,0,9,3,0,0.08392567320409527+0.04649813377282297j
