TX_RX,step,group,BFIC,channel,value
1,255,10,2,1,0.6046862565100447+0.9707890157970352j
