TX_RX,step,group,BFIC,channel,value
1,170,6,2,0,0.7228251688332435+0.030850615846614415j
