TX_RX,step,group,BFIC,channel,value
1,170,11,2,0,0.4609336157131798+0.964131249542489j
