TX_RX,step,group,BFIC,channel,value
0,85,14,3,3,0.17054745579889463+0.751145081159088j
