TX_RX,step,group,BFIC,channel,value
1,0,3,2,2,0.4568106502946292+0.14518502085881613j
