TX_RX,step,group,BFIC,channel,value
1,255,11,2,1,0.14379799096747015+0.6360986433718595j
