TX_RX,step,group,BFIC,channel,value
0,170,1,0,1,0.36919795932767885+0.15972544127051425j
