TX_RX,step,group,BFIC,channel,value
1,255,7,0,0,0.4930269383415594+0.6476872984043138j
