TX_RX,step,group,BFIC,channel,value
0,170,9,3,2,0.23571732234265796+0.2913082463214387j
