TX_RX,step,group,BFIC,channel,value
1,255,9,3,1,0.8525085009313721+0.062464200071786546j
