TX_RX,step,group,BFIC,channel,value
0,170,0,1,2,0.3131181620110436+0.8259690341996055j
