TX_RX,step,group,BFIC,channel,value
1,255,0,3,0,0.5404022769163188+0.5650250564277053j
