TX_RX,step,group,BFIC,channel,value
1,255,2,0,0,0.5603510302336928+0.38873012224112435j
