TX_RX,step,group,BFIC,channel,value
1,255,14,0,0,0.7945143458984696+0.5895897461367933j
