TX_RX,step,group,BFIC,channel,value
1,85,10,2,3,0.2148041006154935+0.7564557823908644j
