TX_RX,step,group,BFIC,channel,value
0,0,10,2,1,0.3737933293260055+0.44798551070577686j
