TX_RX,step,group,BFIC,channel,value
0,0,7,1,3,0.03806630892179441+0.09566477282352559j
