TX_RX,step,group,BFIC,channel,value
1,170,3,3,1,0.23441964006752902+0.9171985761920355j
