TX_RX,step,group,BFIC,channel,value
0,0,12,2,0,0.3970421107861827+0.0992256402920868j
