TX_RX,step,group,BFIC,channel,value
1,170,14,2,3,0.3432140313154822+0.7820717266075224j
