TX_RX,step,group,BFIC,channel,value
0,255,13,2,3,0.023760053773713485+0.1262103003392343j
