TX_RX,step,group,BFIC,channel,value
1,0,14,1,1,0.6292080986078229+0.727931740459293j
