TX_RX,step,group,BFIC,channel,value
1,85,7,1,0,0.15768139314727092+0.48317917269795585j
