TX_RX,step,group,BFIC,channel,value
1,0,5,1,2,0.7178793451460235+0.837651738621365j
