TX_RX,step,group,BFIC,channel,value
1,0,7,3,0,0.27318232486778327+0.06927779432193248j
