TX_RX,step,group,BFIC,channel,value
0,0,13,2,1,0.0025030734338589156+0.06065142285117697j
