TX_RX,step,group,BFIC,channel,value
0,255,11,1,2,0.10197704248272954+0.7437823777760396j
