TX_RX,step,group,BFIC,channel,value
0,170,14,3,2,0.3154501215824337+0.670536298780222j
