TX_RX,step,group,BFIC,channel,value
1,170,8,2,2,0.6931272549238015+0.993573223466185j
