TX_RX,step,group,BFIC,channel,value
1,0,1,0,2,0.5465653531495822+0.7585262780440438j
