TX_RX,step,group,BFIC,channel,value
1,170,9,2,3,0.9430326905728588+0.030903848760977404j
