TX_RX,step,group,BFIC,channel,value
0,170,12,0,0,0.21643636272848954+0.8348680110925188j
