TX_RX,step,group,BFIC,channel,value
0,85,14,2,2,0.9624857305116248+0.5120479535993367j
