TX_RX,step,group,BFIC,channel,value
0,85,0,3,1,0.38277835207763444+0.5010169251069302j
