TX_RX,step,group,BFIC,channel,value
1,170,7,1,0,0.8043208315252471+0.44874085169781075j
