TX_RX,step,group,BFIC,channel,value
0,85,14,0,0,0.7479394725088675+0.5150654089289974j
