TX_RX,step,group,BFIC,channel,value
1,0,10,3,3,0.34605946045094627+0.5933855774646075j
