TX_RX,step,group,BFIC,channel,value
0,255,2,1,1,0.9391604854662664+0.3895470785328361j
