TX_RX,step,group,BFIC,channel,value
0,170,4,3,2,0.603823263738044+0.1982401584156338j
