TX_RX,step,group,BFIC,channel,value
1,85,3,0,1,0.9361574760893637+0.8502100941243894j
