TX_RX,step,group,BFIC,channel,value
1,255,4,0,0,0.7569183370804491+0.22159476501921682j
