TX_RX,step,group,BFIC,channel,value
0,85,5,1,3,0.5668934794875652+0.10472498913829176j
