TX_RX,step,group,BFIC,channel,value
0,255,7,0,2,0.41893876843934097+0.17189378135437772j
