TX_RX,step,group,BFIC,channel,value
0,85,5,3,1,0.9548905409755385+0.7143451880864676j
