TX_RX,step,group,BFIC,channel,value
0,85,8,2,2,0.5983727327156481+0.3735001691335532j
