TX_RX,step,group,BFIC,channel,value
0,255,5,2,0,0.1187166241614408+0.9589138954204403j
