TX_RX,step,group,BFIC,channel,value
1,85,0,3,1,0.8416647241439225+0.9885621557755271j
