TX_RX,step,group,BFIC,channel,value
1,170,14,0,2,0.8193016564078889+0.7137912284743607j
