TX_RX,step,group,BFIC,channel,value
1,255,8,0,0,0.2866232731358658+0.371240248477566j
