TX_RX,step,group,BFIC,channel,value
1,85,0,0,2,0.9670759000264164+0.8737409127045126j
