TX_RX,step,group,BFIC,channel,value
1,85,0,2,2,0.562320383178492+0.5206309497871312j
