TX_RX,step,group,BFIC,channel,value
0,170,12,3,2,0.2178216153348549+0.9997713778284647j
