TX_RX,step,group,BFIC,channel,value
0,0,15,1,1,0.48874434170109415+0.560939098672724j
