TX_RX,step,group,BFIC,channel,value
0,85,5,0,3,0.06176193393426388+0.13944858613192668j
