TX_RX,step,group,BFIC,channel,value
0,0,8,3,1,0.2165330124834508+0.42824495536633456j
