TX_RX,step,group,BFIC,channel,value
0,170,12,1,0,0.7069450815350312+0.008152747594187049j
