TX_RX,step,group,BFIC,channel,value
1,85,12,1,2,0.9328551836079677+0.4664549425994797j
