TX_RX,step,group,BFIC,channel,value
1,0,10,1,3,0.912464084922775+0.9048403868998822j
