TX_RX,step,group,BFIC,channel,value
0,170,3,3,0,0.44433751870793936+0.5906819496186021j
