TX_RX,step,group,BFIC,channel,value
1,255,4,2,3,0.8945370349512433+0.6748041524214128j
