TX_RX,step,group,BFIC,channel,value
0,85,12,2,0,0.7956087972401082+0.896423017208589j
