TX_RX,step,group,BFIC,channel,value
0,85,5,1,0,0.753105263801112+0.7434884639076643j
