TX_RX,step,group,BFIC,channel,value
1,0,10,0,2,0.5227033931739591+0.7410886012587304j
