TX_RX,step,group,BFIC,channel,value
1,255,3,0,3,0.26852113861385385+0.4094391676564365j
