TX_RX,step,group,BFIC,channel,value
0,170,7,3,0,0.09560587972857804+0.568891875800199j
