TX_RX,step,group,BFIC,channel,value
0,255,5,3,3,0.5266932893943961+0.004237353685725642j
