TX_RX,step,group,BFIC,channel,value
1,0,6,2,0,0.3048943041086346+0.7425739153896375j
