TX_RX,step,group,BFIC,channel,value
0,255,1,3,3,0.3836806363159547+0.9101494155475943j
