TX_RX,step,group,BFIC,channel,value
0,255,7,0,3,0.8365262549571792+0.6468213906416588j
