TX_RX,step,group,BFIC,channel,value
1,0,14,1,3,0.0891894554495839+0.05288242838159629j
