TX_RX,step,group,BFIC,channel,value
1,255,0,3,1,0.1859729700555146+0.1334282349019954j
