TX_RX,step,group,BFIC,channel,value
1,170,14,1,0,0.6854347858325287+0.19716743202664466j
