TX_RX,step,group,BFIC,channel,value
0,170,7,1,0,0.29632525477447336+0.781544090110798j
