TX_RX,step,group,BFIC,channel,value
1,0,15,1,1,0.7476148594194847+0.05394828687478215j
