TX_RX,step,group,BFIC,channel,value
1,0,4,2,0,0.37865133229351666+0.4673609445964938j
