TX_RX,step,group,BFIC,channel,value
1,0,10,1,2,0.8014106553128016+0.3527109704615714j
