TX_RX,step,group,BFIC,channel,value
1,85,4,0,1,0.5770972316038725+0.11999615215373205j
