TX_RX,step,group,BFIC,channel,value
1,85,5,1,3,0.4994942873021161+0.05802708831691261j
