TX_RX,step,group,BFIC,channel,value
1,0,7,0,1,0.8762093775100588+0.9784409018711834j
