TX_RX,step,group,BFIC,channel,value
0,0,9,2,0,0.2943113135038058+0.8771396236045272j
