TX_RX,step,group,BFIC,channel,value
0,170,4,1,1,0.029356740832486405+0.0030287853992922997j
