TX_RX,step,group,BFIC,channel,value
0,0,3,1,2,0.4910801361643058+0.5994898960425964j
