TX_RX,step,group,BFIC,channel,value
0,85,10,1,2,0.7682689253447544+0.5150790934974894j
