TX_RX,step,group,BFIC,channel,value
0,170,3,3,3,0.9345662655760366+0.07471313609615882j
