TX_RX,step,group,BFIC,channel,value
0,0,7,0,3,0.10453547193874857+0.8991400800247431j
