TX_RX,step,group,BFIC,channel,value
0,0,6,0,0,0.3815464810470244+0.24336195090469215j
