TX_RX,step,group,BFIC,channel,value
0,170,5,0,1,0.6023011505374751+0.309783410306246j
