TX_RX,step,group,BFIC,channel,value
0,85,13,3,1,0.9865157666421884+0.6429389059402311j
