TX_RX,step,group,BFIC,channel,value
0,255,14,2,2,0.9014486857625976+0.8530783391506683j
