TX_RX,step,group,BFIC,channel,value
0,0,14,2,1,0.5577459035891964+0.3588879159559153j
