TX_RX,step,group,BFIC,channel,value
0,255,6,0,3,0.5435960951507794+0.6464745345098116j
