TX_RX,step,group,BFIC,channel,value
1,0,2,2,0,0.5477342935392567+0.9941460875059183j
