TX_RX,step,group,BFIC,channel,value
0,85,1,1,3,0.048306702743113994+0.5411456381909904j
