TX_RX,step,group,BFIC,channel,value
1,0,15,2,0,0.26695807948657047+0.5289254970117538j
