TX_RX,step,group,BFIC,channel,value
1,170,0,0,0,0.9867065585827262+0.9178693995997659j
