TX_RX,step,group,BFIC,channel,value
1,170,10,3,0,0.29793563856926875+0.10903279134626376j
