TX_RX,step,group,BFIC,channel,value
0,85,0,0,1,0.5774732602710535+0.019785029998001136j
