TX_RX,step,group,BFIC,channel,value
1,170,9,0,2,0.5451188986479221+0.3872051759793481j
