TX_RX,step,group,BFIC,channel,value
1,170,11,2,2,0.7684431602906086+0.5459870914899645j
