TX_RX,step,group,BFIC,channel,value
1,255,11,3,3,0.8487320887654279+0.7291001904339744j
