TX_RX,step,group,BFIC,channel,value
1,255,8,2,1,0.8157868782372647+0.15906752310136008j
