TX_RX,step,group,BFIC,channel,value
0,170,1,2,1,0.5200107496009638+0.36088253286570393j
