TX_RX,step,group,BFIC,channel,value
1,170,12,2,2,0.8905471667920261+0.24746265409633283j
