TX_RX,step,group,BFIC,channel,value
0,85,7,1,1,0.10807090982590817+0.28281484413797797j
