TX_RX,step,group,BFIC,channel,value
1,170,4,1,1,0.02257514300931973+0.4247092217220667j
