TX_RX,step,group,BFIC,channel,value
1,255,5,2,1,0.22267595856702704+0.15929494612916717j
