TX_RX,step,group,BFIC,channel,value
1,85,9,2,3,0.9478437633137464+0.9734661188313574j
