TX_RX,step,group,BFIC,channel,value
1,85,1,0,3,0.40036470688981096+0.6401046243005398j
