TX_RX,step,group,BFIC,channel,value
1,170,11,1,3,0.7629681334302731+0.6509013815539195j
