TX_RX,step,group,BFIC,channel,value
1,170,14,0,0,0.9171941631360786+0.6649824660058433j
