TX_RX,step,group,BFIC,channel,value
0,170,14,3,3,0.9637504434130968+0.6677100268216504j
