TX_RX,step,group,BFIC,channel,value
1,0,2,2,1,0.04382242411147752+0.18489802318921422j
