TX_RX,step,group,BFIC,channel,value
0,85,14,1,2,0.2273614861632367+0.36758649010856637j
