TX_RX,step,group,BFIC,channel,value
0,170,14,3,1,0.23015775014891515+0.6305170427809813j
