TX_RX,step,group,BFIC,channel,value
1,170,8,2,3,0.6477898731288964+0.23507125241363247j
