TX_RX,step,group,BFIC,channel,value
0,0,4,3,1,0.5312901223993273+0.6203388798773253j
