TX_RX,step,group,BFIC,channel,value
1,255,2,3,0,0.2939361959010246+0.9684365362725211j
