TX_RX,step,group,BFIC,channel,value
0,85,2,2,3,0.7294229161949545+0.9520264012131243j
