TX_RX,step,group,BFIC,channel,value
1,85,0,1,1,0.8466979219156245+0.703357058873804j
