TX_RX,step,group,BFIC,channel,value
1,255,11,1,0,0.893819429977492+0.35575780007545776j
