TX_RX,step,group,BFIC,channel,value
0,170,1,3,1,0.39309615705838563+0.23789498383528418j
