TX_RX,step,group,BFIC,channel,value
1,0,4,0,1,0.35087420106024014+0.6949961477752956j
