TX_RX,step,group,BFIC,channel,value
1,85,4,0,0,0.3952020514751333+0.811408553223589j
