TX_RX,step,group,BFIC,channel,value
1,0,9,2,1,0.04823505762039981+0.9380436969834841j
