TX_RX,step,group,BFIC,channel,value
0,0,15,1,3,0.9505096112482673+0.6939012138666195j
