TX_RX,step,group,BFIC,channel,value
1,0,9,1,2,0.2134714308061133+0.553137852065721j
