TX_RX,step,group,BFIC,channel,value
0,255,13,0,1,0.6396049331321985+0.4705142616520259j
