TX_RX,step,group,BFIC,channel,value
1,0,0,0,3,0.5432768541043669+0.26900205222618023j
