TX_RX,step,group,BFIC,channel,value
1,255,4,3,2,0.3364496269573136+0.6201395398893962j
