TX_RX,step,group,BFIC,channel,value
0,85,8,1,0,0.987854412945014+0.3179796812301694j
