TX_RX,step,group,BFIC,channel,value
0,255,3,2,3,0.9891925610610395+0.25285696071943264j
