TX_RX,step,group,BFIC,channel,value
1,0,4,3,2,0.6723694717517821+0.3642013618572817j
