TX_RX,step,group,BFIC,channel,value
0,0,13,2,3,0.6533988261472855+0.6685032679783262j
