TX_RX,step,group,BFIC,channel,value
0,0,14,2,3,0.5208991131459901+0.18213246878759237j
