TX_RX,step,group,BFIC,channel,value
0,0,0,1,1,0.989673301249537+0.6766121637165867j
