TX_RX,step,group,BFIC,channel,value
1,0,3,2,0,0.9296947781000414+0.890395950872907j
