TX_RX,step,group,BFIC,channel,value
1,85,13,1,1,0.28980701809851794+0.5398193002871048j
