TX_RX,step,group,BFIC,channel,value
1,85,11,0,1,0.9510805989639911+0.32517454746265684j
