TX_RX,step,group,BFIC,channel,value
0,0,8,2,3,0.9375540883025771+0.9948772738631225j
