TX_RX,step,group,BFIC,channel,value
0,170,9,3,1,0.22172495981931495+0.7973415375902903j
