TX_RX,step,group,BFIC,channel,value
1,170,9,2,0,0.7854438633071382+0.5682592782028174j
