TX_RX,step,group,BFIC,channel,value
1,170,4,2,0,0.7460805688098079+0.28110868529961464j
