TX_RX,step,group,BFIC,channel,value
0,0,4,1,2,0.9268634492001365+0.2846235413785544j
