TX_RX,step,group,BFIC,channel,value
0,255,9,0,0,0.6573507995673744+0.5592328743801068j
