TX_RX,step,group,BFIC,channel,value
0,255,6,2,3,0.9600976226672637+0.1640793993171793j
