TX_RX,step,group,BFIC,channel,value
0,0,9,2,3,0.45291013709957917+0.6820395115338846j
