TX_RX,step,group,BFIC,channel,value
0,0,2,2,3,0.10211631249011643+0.5029880440539433j
