TX_RX,step,group,BFIC,channel,value
1,170,0,0,3,0.23164444124978223+0.5925120860356127j
