TX_RX,step,group,BFIC,channel,value
0,85,13,1,0,0.6902711436645758+0.31013658789733534j
