TX_RX,step,group,BFIC,channel,value
0,0,5,0,0,0.18291010929084128+0.08802341940722269j
