TX_RX,step,group,BFIC,channel,value
1,85,2,2,2,0.1671636466570129+0.34452342815874304j
