TX_RX,step,group,BFIC,channel,value
0,0,13,0,1,0.44859462252842475+0.16209368693574744j
