TX_RX,step,group,BFIC,channel,value
1,85,7,3,0,0.8253897351785456+0.838225206456941j
