TX_RX,step,group,BFIC,channel,value
0,0,1,2,0,0.9265959915846056+0.06725909380593365j
