TX_RX,step,group,BFIC,channel,value
1,255,2,0,2,0.24403634197364354+0.8364378998325444j
