TX_RX,step,group,BFIC,channel,value
1,0,11,0,1,0.7664046385260905+0.26541647424478865j
