TX_RX,step,group,BFIC,channel,value
1,170,0,0,2,0.8800726191279263+0.39217456595079137j
