TX_RX,step,group,BFIC,channel,value
0,0,1,1,2,0.5400022476194322+0.012519319781321592j
