TX_RX,step,group,BFIC,channel,value
1,85,8,1,2,0.36786135791662056+0.9788848058381376j
