TX_RX,step,group,BFIC,channel,value
0,85,4,1,0,0.06166439811551605+0.1947100326169955j
