TX_RX,step,group,BFIC,channel,value
0,170,13,0,2,0.8230460534575498+0.4543934168707836j
