TX_RX,step,group,BFIC,channel,value
0,85,2,0,2,0.46351006679736306+0.19516446345641691j
