TX_RX,step,group,BFIC,channel,value
1,85,0,0,1,0.6071924413039124+0.3689030457270983j
