TX_RX,step,group,BFIC,channel,value
1,170,4,1,0,0.6512699860281517+0.8012649534209724j
