TX_RX,step,group,BFIC,channel,value
0,255,13,0,3,0.29814686099800347+0.3174184232737006j
