TX_RX,step,group,BFIC,channel,value
1,255,15,0,3,0.4128632157835119+0.6778727707194964j
