TX_RX,step,group,BFIC,channel,value
0,85,6,0,2,0.6209444792612379+0.33767221624730903j
