TX_RX,step,group,BFIC,channel,value
0,170,0,3,3,0.31111674436170356+0.7065905931479183j
