TX_RX,step,group,BFIC,channel,value
0,255,5,0,0,0.9115258112065289+0.6775023611402637j
