TX_RX,step,group,BFIC,channel,value
0,0,6,1,1,0.8330890373571762+0.9304079391150893j
