TX_RX,step,group,BFIC,channel,value
1,255,11,0,0,0.8350652215739417+0.2916702883112867j
