TX_RX,step,group,BFIC,channel,value
1,255,2,2,1,0.7274450241156232+0.20475568026874957j
