TX_RX,step,group,BFIC,channel,value
1,170,11,1,0,0.4619937211826166+0.22378219378318165j
