TX_RX,step,group,BFIC,channel,value
1,0,6,0,3,0.16324227943222414+0.3620081263672177j
