TX_RX,step,group,BFIC,channel,value
0,255,13,2,0,0.798303127253164+0.7185156921857448j
