TX_RX,step,group,BFIC,channel,value
1,0,10,0,1,0.12070932789045341+0.9512923283016685j
