TX_RX,step,group,BFIC,channel,value
1,0,8,0,3,0.3793989140218591+0.16456822688549733j
