TX_RX,step,group,BFIC,channel,value
1,170,2,0,1,0.33260263684574887+0.3934391592104062j
