TX_RX,step,group,BFIC,channel,value
1,0,5,3,1,0.18982351149095722+0.19418761761448866j
