TX_RX,step,group,BFIC,channel,value
1,0,0,1,0,0.08535914360116814+0.8088249933887144j
