TX_RX,step,group,BFIC,channel,value
0,255,4,3,1,0.1703818256153372+0.4274006008542558j
