TX_RX,step,group,BFIC,channel,value
0,255,4,3,3,0.045920040109572624+0.8645491926461291j
