TX_RX,step,group,BFIC,channel,value
0,85,11,3,0,0.7794197625976271+0.14881412617439993j
