TX_RX,step,group,BFIC,channel,value
1,0,0,1,1,0.10580380748786755+0.10819721046895636j
