TX_RX,step,group,BFIC,channel,value
0,255,15,1,0,0.9483500615333161+0.08985065329677866j
