TX_RX,step,group,BFIC,channel,value
0,0,4,2,3,0.43363561376935433+0.18374562293219898j
