TX_RX,step,group,BFIC,channel,value
0,170,5,0,3,0.09772038534324634+0.6884334177089177j
