TX_RX,step,group,BFIC,channel,value
0,170,14,0,2,0.6216078370668392+0.30663377244043166j
