TX_RX,step,group,BFIC,channel,value
1,0,1,1,1,0.6903165899030255+0.33749846929827776j
