TX_RX,step,group,BFIC,channel,value
0,0,11,3,0,0.02029612441475226+0.8980264633324458j
