TX_RX,step,group,BFIC,channel,value
0,255,10,2,1,0.5015862490006179+0.6269252122488888j
