TX_RX,step,group,BFIC,channel,value
0,0,3,2,1,0.20753537070311046+0.568252882087519j
