TX_RX,step,group,BFIC,channel,value
1,85,6,0,2,0.5773443604780906+0.7219336677315344j
