TX_RX,step,group,BFIC,channel,value
0,0,7,0,1,0.917025624128469+0.11654539947122777j
