TX_RX,step,group,BFIC,channel,value
0,0,1,0,1,0.04228424513894791+0.16441188379531158j
