TX_RX,step,group,BFIC,channel,value
0,255,2,0,0,0.40795296508557977+0.8474083943763805j
