TX_RX,step,group,BFIC,channel,value
0,0,3,2,3,0.31119606683219736+0.6832755911889994j
