TX_RX,step,group,BFIC,channel,value
1,0,2,3,3,0.15568279685064035+0.3015028922966583j
