TX_RX,step,group,BFIC,channel,value
1,85,7,2,2,0.7272235359398417+0.10676580038231465j
