TX_RX,step,group,BFIC,channel,value
0,85,0,1,3,0.8932389553187243+0.890637147167553j
