TX_RX,step,group,BFIC,channel,value
0,170,1,2,3,0.5044160999602106+0.2687551226247965j
