TX_RX,step,group,BFIC,channel,value
0,170,8,2,0,0.6047806587916729+0.0019598728822386446j
