TX_RX,step,group,BFIC,channel,value
1,0,8,3,0,0.0029247929947932017+0.7186562853440631j
