TX_RX,step,group,BFIC,channel,value
0,0,3,3,3,0.5435842356659014+0.12378734991164464j
