TX_RX,step,group,BFIC,channel,value
0,85,3,0,3,0.4727208814096908+0.5539639337360646j
