TX_RX,step,group,BFIC,channel,value
1,170,11,0,2,0.8500973176116715+0.1505329379029806j
