TX_RX,step,group,BFIC,channel,value
0,0,0,0,3,0.826882928270429+0.5583244476056322j
