TX_RX,step,group,BFIC,channel,value
0,0,4,0,2,0.146857235961373+0.7882642639007099j
