TX_RX,step,group,BFIC,channel,value
0,0,7,0,2,0.50769476803066+0.05459078127731509j
