TX_RX,step,group,BFIC,channel,value
1,0,15,0,3,0.14378298488201957+0.6413208128112785j
