TX_RX,step,group,BFIC,channel,value
1,255,15,2,0,0.3156540110398133+0.5580402678066887j
