TX_RX,step,group,BFIC,channel,value
1,0,7,3,3,0.014059446810921084+0.4835724713730196j
