TX_RX,step,group,BFIC,channel,value
1,255,13,1,2,0.1505128937504412+0.9607156699890756j
