TX_RX,step,group,BFIC,channel,value
0,170,13,0,1,0.3308468112950128+0.8868879264181632j
