TX_RX,step,group,BFIC,channel,value
1,85,2,2,1,0.9160642385259501+0.8898131551134647j
