TX_RX,step,group,BFIC,channel,value
0,170,2,3,2,0.33469323945838103+0.5903452932944997j
