TX_RX,step,group,BFIC,channel,value
1,0,8,2,0,0.9835444539574852+0.9812617168353029j
