TX_RX,step,group,BFIC,channel,value
1,170,6,0,0,0.8755621431866816+0.7058636990466687j
