TX_RX,step,group,BFIC,channel,value
0,0,15,3,0,0.6906547042204002+0.730287419239603j
