TX_RX,step,group,BFIC,channel,value
0,0,13,2,2,0.5037156492509546+0.25690962771565884j
