TX_RX,step,group,BFIC,channel,value
0,85,8,1,1,0.33558808598194023+0.9358474782590619j
