TX_RX,step,group,BFIC,channel,value
1,255,4,0,1,0.8532996764418384+0.5076160309983756j
