TX_RX,step,group,BFIC,channel,value
1,85,14,2,0,0.11694613230391282+0.7657438660718627j
