TX_RX,step,group,BFIC,channel,value
0,170,15,1,2,0.6485321858050885+0.954232107741594j
