TX_RX,step,group,BFIC,channel,value
0,0,4,3,0,0.5629077396794633+0.029987144810454613j
