TX_RX,step,group,BFIC,channel,value
0,170,13,2,0,0.8075428768070109+0.5894574689303143j
