TX_RX,step,group,BFIC,channel,value
0,0,0,3,0,0.9241888859524654+0.815441404745774j
