TX_RX,step,group,BFIC,channel,value
1,170,12,1,2,0.3632710485491335+0.12232099478369296j
