TX_RX,step,group,BFIC,channel,value
0,170,5,2,1,0.8091365514881147+0.5880150634708156j
