TX_RX,step,group,BFIC,channel,value
1,170,12,2,0,0.9032135862330039+0.38267050141164394j
