TX_RX,step,group,BFIC,channel,value
0,0,1,2,3,0.6670571764275981+0.5736853464716758j
