TX_RX,step,group,BFIC,channel,value
1,0,0,3,3,0.934047465269105+0.5309531481182189j
