TX_RX,step,group,BFIC,channel,value
0,85,9,1,0,0.5834580491938768+0.2599308531654859j
