TX_RX,step,group,BFIC,channel,value
1,255,7,0,1,0.8921396067322885+0.454796443052376j
