TX_RX,step,group,BFIC,channel,value
0,0,11,3,1,0.8649007559622127+0.17702928595185918j
