TX_RX,step,group,BFIC,channel,value
0,170,15,0,0,0.3903903476023447+0.4480758411170973j
