TX_RX,step,group,BFIC,channel,value
1,85,9,3,3,0.4918142834826633+0.557366778753836j
