TX_RX,step,group,BFIC,channel,value
1,255,2,3,1,0.45371521097623546+0.21595302002576977j
