TX_RX,step,group,BFIC,channel,value
0,85,15,2,2,0.1169162658796381+0.9445569749933054j
