TX_RX,step,group,BFIC,channel,value
0,0,10,0,2,0.7174243261323311+0.754801457504406j
