TX_RX,step,group,BFIC,channel,value
0,170,8,1,0,0.46377931449490273+0.16233694766509255j
