TX_RX,step,group,BFIC,channel,value
0,85,0,1,0,0.33196709414104375+0.6396561133873968j
