TX_RX,step,group,BFIC,channel,value
0,85,9,0,2,0.5967492780334194+0.1383620932635179j
