TX_RX,step,group,BFIC,channel,value
1,255,4,3,3,0.816196686936227+0.7417042157428103j
