TX_RX,step,group,BFIC,channel,value
0,0,4,3,3,0.702518136912609+0.3575349712579441j
