TX_RX,step,group,BFIC,channel,value
0,255,2,0,1,0.37118489085524065+0.45596143832690283j
