TX_RX,step,group,BFIC,channel,value
0,255,7,1,3,0.08017111301142121+0.17289547228109514j
