TX_RX,step,group,BFIC,channel,value
0,0,8,3,0,0.9694452646320858+0.30330223018134117j
