TX_RX,step,group,BFIC,channel,value
0,0,7,2,2,0.7885147237446731+0.9787321733285489j
