TX_RX,step,group,BFIC,channel,value
0,85,15,0,3,0.1914890247261697+0.5627482836197363j
