TX_RX,step,group,BFIC,channel,value
0,170,2,1,1,0.6581490856715533+0.40907324290106994j
