TX_RX,step,group,BFIC,channel,value
1,255,0,1,2,0.8170728354196702+0.3124587335553509j
