TX_RX,step,group,BFIC,channel,value
1,170,15,3,1,0.12297075581155137+0.21314528516739717j
