TX_RX,step,group,BFIC,channel,value
0,255,4,1,3,0.5311265892021146+0.11017714936859613j
