TX_RX,step,group,BFIC,channel,value
0,0,14,3,1,0.816595573481231+0.23154410235484946j
