TX_RX,step,group,BFIC,channel,value
1,85,13,2,2,0.5179472626887154+0.5339927291773572j
