TX_RX,step,group,BFIC,channel,value
0,0,2,1,1,0.5414554920111068+0.05681671439807745j
