TX_RX,step,group,BFIC,channel,value
1,170,13,1,3,0.781817226374873+0.08187751127762388j
