TX_RX,step,group,BFIC,channel,value
0,170,12,3,3,0.8253108658698178+0.0688701950964632j
