TX_RX,step,group,BFIC,channel,value
0,0,9,3,1,0.446827957038592+0.8209868189980172j
