TX_RX,step,group,BFIC,channel,value
1,0,1,2,1,0.7548794360026353+0.38856958143038756j
