TX_RX,step,group,BFIC,channel,value
0,170,14,2,1,0.06613855034311156+0.45110633680097334j
