TX_RX,step,group,BFIC,channel,value
1,255,8,3,1,0.5056455016745822+0.5793797588773008j
