TX_RX,step,group,BFIC,channel,value
0,170,8,3,2,0.47624622196653055+0.44878946326706337j
