TX_RX,step,group,BFIC,channel,value
0,0,10,2,3,0.36568713137803+0.33770201763295726j
