TX_RX,step,group,BFIC,channel,value
1,85,3,2,2,0.32526619840053994+0.8674368002015462j
