TX_RX,step,group,BFIC,channel,value
1,170,7,0,3,0.06889470877995185+0.0614621744827194j
