TX_RX,step,group,BFIC,channel,value
0,0,3,3,0,0.30254573620261005+0.2729233203728745j
