TX_RX,step,group,BFIC,channel,value
0,255,4,2,2,0.7880891391991399+0.8712099710554049j
