TX_RX,step,group,BFIC,channel,value
1,255,14,1,1,0.8721830343278145+0.4340554750952097j
