TX_RX,step,group,BFIC,channel,value
1,0,1,2,0,0.6168521150247784+0.6479114006758527j
