TX_RX,step,group,BFIC,channel,value
1,170,4,0,2,0.2464915908747527+0.4138345962643466j
