TX_RX,step,group,BFIC,channel,value
1,85,10,2,0,0.281361592360554+0.7509238987810856j
