TX_RX,step,group,BFIC,channel,value
0,170,2,2,3,0.00828338051238331+0.3768393810949965j
