TX_RX,step,group,BFIC,channel,value
0,170,6,1,1,0.8628123380002785+0.6057746307628805j
