TX_RX,step,group,BFIC,channel,value
1,85,14,3,3,0.5593440411078047+0.31972372828704787j
