TX_RX,step,group,BFIC,channel,value
1,85,5,3,1,0.08143341636315526+0.525141568453875j
