TX_RX,step,group,BFIC,channel,value
1,255,11,3,1,0.8924667063724724+0.07768762349091085j
