TX_RX,step,group,BFIC,channel,value
1,85,15,0,0,0.765257706060213+0.9736557598463511j
