TX_RX,step,group,BFIC,channel,value
0,0,13,1,0,0.47847789447941125+0.02747319769869816j
