TX_RX,step,group,BFIC,channel,value
0,0,11,3,3,0.6981027617534987+0.6451939043545781j
