TX_RX,step,group,BFIC,channel,value
0,170,2,2,2,0.9206071118896053+0.6485125504307487j
