TX_RX,step,group,BFIC,channel,value
1,255,12,3,1,0.9811222149262827+0.6841989478681288j
