TX_RX,step,group,BFIC,channel,value
0,170,14,0,0,0.9224779552355148+0.598337826185184j
