TX_RX,step,group,BFIC,channel,value
1,170,14,2,2,0.25965550044433194+0.6300053617066562j
