TX_RX,step,group,BFIC,channel,value
1,85,1,2,0,0.40882294563924737+0.5094154416653488j
