TX_RX,step,group,BFIC,channel,value
0,255,1,2,1,0.9904781202111941+0.6631108464440536j
