TX_RX,step,group,BFIC,channel,value
0,0,8,1,2,0.357295830806846+0.9346338886609433j
