TX_RX,step,group,BFIC,channel,value
1,170,0,2,0,0.1634459152422939+0.442666455770622j
