TX_RX,step,group,BFIC,channel,value
0,170,4,0,0,0.20893265241306924+0.16926360421156494j
