TX_RX,step,group,BFIC,channel,value
1,85,11,3,1,0.12288616918333439+0.4313331052179795j
