TX_RX,step,group,BFIC,channel,value
1,85,2,2,3,0.8257711791158253+0.1442692387032951j
