TX_RX,step,group,BFIC,channel,value
1,255,9,2,1,0.8651599694263032+0.43978012726975946j
