TX_RX,step,group,BFIC,channel,value
1,85,11,2,3,0.09535737956234591+0.40232304045697065j
