TX_RX,step,group,BFIC,channel,value
0,170,7,3,1,0.19023740220430385+0.940013151218995j
