TX_RX,step,group,BFIC,channel,value
0,170,14,0,3,0.8090859721523974+0.27099308071380057j
