TX_RX,step,group,BFIC,channel,value
1,170,11,3,1,0.5049037888333221+0.1994082938544981j
