TX_RX,step,group,BFIC,channel,value
1,85,2,0,0,0.07527334845380818+0.2504878002319214j
