TX_RX,step,group,BFIC,channel,value
0,85,7,2,3,0.8222568276826523+0.8997178095181516j
