TX_RX,step,group,BFIC,channel,value
1,170,7,2,2,0.07251814410636015+0.1680023231344503j
