TX_RX,step,group,BFIC,channel,value
0,85,13,3,3,0.09549319598367145+0.15784751665583263j
