TX_RX,step,group,BFIC,channel,value
0,255,13,2,2,0.9787459587552524+0.15583398008158877j
