TX_RX,step,group,BFIC,channel,value
0,170,2,2,1,0.8365256785183358+0.8967604330160719j
