TX_RX,step,group,BFIC,channel,value
1,0,9,0,0,0.2213035103666342+0.5215523789424071j
