TX_RX,step,group,BFIC,channel,value
0,255,0,1,3,0.7165945486015523+0.831814725790886j
