TX_RX,step,group,BFIC,channel,value
0,85,3,1,1,0.879001415741602+0.5739794281772592j
