TX_RX,step,group,BFIC,channel,value
1,0,0,2,0,0.5763749891300755+0.6578079396436528j
