TX_RX,step,group,BFIC,channel,value
0,0,5,2,3,0.11997922250807935+0.008158472178733334j
