TX_RX,step,group,BFIC,channel,value
0,170,11,0,3,0.6605563169841387+0.5606206427386113j
