TX_RX,step,group,BFIC,channel,value
1,85,13,0,3,0.3504105502262763+0.9927140713080481j
