TX_RX,step,group,BFIC,channel,value
0,0,10,1,1,0.09463495255041188+0.6898078591151752j
