TX_RX,step,group,BFIC,channel,value
0,85,6,1,3,0.44046421113466405+0.06514692722963855j
