TX_RX,step,group,BFIC,channel,value
0,255,3,0,2,0.08361531682585777+0.30085337739790297j
