TX_RX,step,group,BFIC,channel,value
1,0,9,0,3,0.2815707438043007+0.7716958195755705j
