TX_RX,step,group,BFIC,channel,value
0,255,8,3,0,0.254567991136049+0.4023735717153386j
