TX_RX,step,group,BFIC,channel,value
0,85,6,2,1,0.28589830411525385+0.9794656566445478j
