TX_RX,step,group,BFIC,channel,value
0,170,13,1,3,0.8963134780297451+0.06655121122773988j
