TX_RX,step,group,BFIC,channel,value
1,170,0,3,1,0.6808651787817188+0.6174188144713145j
