TX_RX,step,group,BFIC,channel,value
0,0,7,2,1,0.7068099079280646+0.09573831621451989j
