TX_RX,step,group,BFIC,channel,value
0,85,5,0,1,0.2310379989015766+0.6998580801835905j
