TX_RX,step,group,BFIC,channel,value
0,0,10,3,1,0.42811648333499697+0.37857189298428506j
