TX_RX,step,group,BFIC,channel,value
0,170,10,1,3,0.275006464760297+0.7193457884131874j
