TX_RX,step,group,BFIC,channel,value
1,255,9,3,2,0.8727948205629629+0.44452864447232965j
