TX_RX,step,group,BFIC,channel,value
1,255,7,1,2,0.988159959461699+0.26668979992757j
