TX_RX,step,group,BFIC,channel,value
1,170,5,1,1,0.579269007905167+0.1219143163168891j
