TX_RX,step,group,BFIC,channel,value
1,255,4,1,3,0.31097435741621793+0.7177275143021647j
