TX_RX,step,group,BFIC,channel,value
1,0,8,1,3,0.3273104940088837+0.30633877363168405j
