TX_RX,step,group,BFIC,channel,value
1,170,12,2,1,0.6979587562723539+0.18560856909405743j
