TX_RX,step,group,BFIC,channel,value
1,0,13,3,0,0.9806838550415274+0.7138566027197326j
