TX_RX,step,group,BFIC,channel,value
0,85,14,3,0,0.559081068592887+0.053532926298092476j
