TX_RX,step,group,BFIC,channel,value
0,0,1,2,2,0.6752301466902321+0.5269306913163511j
