TX_RX,step,group,BFIC,channel,value
1,170,1,3,1,0.11237757783130942+0.28291226424461513j
