TX_RX,step,group,BFIC,channel,value
1,255,6,2,1,0.35049810696666484+0.1068643187847571j
