TX_RX,step,group,BFIC,channel,value
0,0,5,0,3,0.20299991496133607+0.621800475896519j
