TX_RX,step,group,BFIC,channel,value
1,170,12,3,3,0.3817221310360318+0.3976089337675843j
