TX_RX,step,group,BFIC,channel,value
1,85,8,2,2,0.5938489008596453+0.92380777103507j
