TX_RX,step,group,BFIC,channel,value
1,255,13,3,2,0.1446297807821264+0.7599927047511714j
