TX_RX,step,group,BFIC,channel,value
1,255,14,0,3,0.9790774057080464+0.8430487221104445j
