TX_RX,step,group,BFIC,channel,value
1,255,3,0,1,0.36148715994877934+0.16715472880110271j
