TX_RX,step,group,BFIC,channel,value
1,170,6,1,3,0.8515532402553198+0.6141638344054554j
