TX_RX,step,group,BFIC,channel,value
1,85,14,1,3,0.5427846562048098+0.35573270960501424j
