TX_RX,step,group,BFIC,channel,value
1,255,5,0,3,0.6634079198662892+0.8859406296985389j
