TX_RX,step,group,BFIC,channel,value
0,0,1,0,2,0.9110191741802558+0.49896856844959603j
