TX_RX,step,group,BFIC,channel,value
0,170,11,3,3,0.9965400014892488+0.9063413795176634j
