TX_RX,step,group,BFIC,channel,value
1,0,12,2,0,0.583953480288568+0.8254181297606302j
