TX_RX,step,group,BFIC,channel,value
0,170,9,0,1,0.1368108011124176+0.18223435050013914j
