TX_RX,step,group,BFIC,channel,value
1,85,15,3,3,0.8083114141669967+0.26334182557511354j
