TX_RX,step,group,BFIC,channel,value
1,0,12,1,2,0.932135528420168+0.7255651277762952j
