TX_RX,step,group,BFIC,channel,value
1,255,3,2,1,0.3018044297903083+0.08611612924784895j
