TX_RX,step,group,BFIC,channel,value
0,0,8,1,0,0.11922427809603675+0.6539049686555537j
