TX_RX,step,group,BFIC,channel,value
1,0,7,0,0,0.7177836428940504+0.43607256595319766j
