TX_RX,step,group,BFIC,channel,value
1,170,5,1,3,0.009158916718393195+0.9799598811767827j
