TX_RX,step,group,BFIC,channel,value
0,255,3,3,0,0.26722219369586586+0.15823913048902882j
