TX_RX,step,group,BFIC,channel,value
1,85,6,0,1,0.6717592732665622+0.9366691585935474j
