TX_RX,step,group,BFIC,channel,value
0,170,14,1,2,0.22634300496382764+0.30518086311842085j
