TX_RX,step,group,BFIC,channel,value
1,0,3,0,3,0.8687001773459343+0.4058493158037073j
