TX_RX,step,group,BFIC,channel,value
1,255,7,0,3,0.6069734572489621+0.7890307112667019j
