TX_RX,step,group,BFIC,channel,value
0,255,0,2,1,0.8236875533854209+0.03261271680251565j
