TX_RX,step,group,BFIC,channel,value
0,85,8,3,1,0.0342344672134931+0.5338108787356092j
