TX_RX,step,group,BFIC,channel,value
0,255,13,3,2,0.07603271524477939+0.9593338511985198j
