TX_RX,step,group,BFIC,channel,value
1,170,6,0,1,0.7081861350971871+0.41415057014020906j
