TX_RX,step,group,BFIC,channel,value
0,255,5,0,3,0.5455607650191862+0.8319749969987662j
