TX_RX,step,group,BFIC,channel,value
0,170,2,0,3,0.4590519648270024+0.03237303349523468j
