TX_RX,step,group,BFIC,channel,value
0,85,2,2,1,0.8767508200109012+0.779099250002126j
