TX_RX,step,group,BFIC,channel,value
0,0,12,1,3,0.3467404512927603+0.01704109039754753j
