TX_RX,step,group,BFIC,channel,value
0,255,11,0,0,0.9584170337824063+0.22707629897430326j
