TX_RX,step,group,BFIC,channel,value
0,85,2,3,0,0.8308616099360235+0.4243757907147291j
