TX_RX,step,group,BFIC,channel,value
1,255,7,1,0,0.016958200264932444+0.790967511817844j
