TX_RX,step,group,BFIC,channel,value
1,255,5,1,0,0.9255515030099492+0.9785058005781334j
