TX_RX,step,group,BFIC,channel,value
1,170,12,0,2,0.18371874645351405+0.06711696714751214j
