TX_RX,step,group,BFIC,channel,value
0,0,11,3,2,0.16035652251165877+0.14103690937915658j
