TX_RX,step,group,BFIC,channel,value
1,85,11,0,3,0.7272267539368201+0.053756866026462236j
