TX_RX,step,group,BFIC,channel,value
0,85,11,3,1,0.4099056585865515+0.18926767597758198j
