TX_RX,step,group,BFIC,channel,value
1,0,5,2,0,0.3060909555137439+0.7196232959048243j
