TX_RX,step,group,BFIC,channel,value
0,85,11,1,0,0.6417644636167188+0.929326490584675j
