TX_RX,step,group,BFIC,channel,value
1,170,13,0,2,0.512646230578838+0.3851911035247546j
