TX_RX,step,group,BFIC,channel,value
0,85,6,0,3,0.5104521901131527+0.06447595774218895j
