TX_RX,step,group,BFIC,channel,value
1,85,1,1,1,0.4063012636104987+0.9621758084296033j
