TX_RX,step,group,BFIC,channel,value
1,255,3,2,3,0.9843795791446468+0.633283137683155j
