TX_RX,step,group,BFIC,channel,value
0,255,9,0,2,0.1503946619566423+0.7771411751183116j
