TX_RX,step,group,BFIC,channel,value
1,0,11,0,0,0.2076736426491277+0.43634339112576614j
