TX_RX,step,group,BFIC,channel,value
1,170,8,3,3,0.41504299201209394+0.8738010511808838j
