TX_RX,step,group,BFIC,channel,value
0,0,7,2,3,0.8733935426471287+0.2481846498347422j
