TX_RX,step,group,BFIC,channel,value
1,85,3,1,2,0.019769980303934065+0.7804327115418551j
