TX_RX,step,group,BFIC,channel,value
1,85,2,0,1,0.9834777254074035+0.388504078897865j
