TX_RX,step,group,BFIC,channel,value
1,85,13,3,1,0.8545576677185353+0.7431627353575903j
