TX_RX,step,group,BFIC,channel,value
1,85,4,1,2,0.05922474870642325+0.6297987558499263j
