TX_RX,step,group,BFIC,channel,value
1,255,14,3,1,0.5029848983703611+0.861471982273206j
