TX_RX,step,group,BFIC,channel,value
1,85,9,1,0,0.5920494822212126+0.5472898956109233j
