TX_RX,step,group,BFIC,channel,value
0,170,11,3,0,0.06589452597589696+0.3832751751678146j
