TX_RX,step,group,BFIC,channel,value
1,0,0,2,2,0.5846769425496958+0.5030154648838884j
