TX_RX,step,group,BFIC,channel,value
0,255,12,3,1,0.7774108005139483+0.9778064094624578j
