TX_RX,step,group,BFIC,channel,value
0,0,14,3,0,0.5017209766317116+0.45357127199967795j
