TX_RX,step,group,BFIC,channel,value
1,85,15,2,3,0.3009589911444176+0.737537606221005j
