TX_RX,step,group,BFIC,channel,value
0,0,2,3,1,0.7006589317042999+0.4527800285085508j
