TX_RX,step,group,BFIC,channel,value
0,85,13,0,1,0.9121784713127564+0.6217090561988451j
