TX_RX,step,group,BFIC,channel,value
1,0,4,0,3,0.7123676803799928+0.2998385444520073j
