TX_RX,step,group,BFIC,channel,value
0,170,2,0,0,0.31245899828734736+0.09629707569420942j
