TX_RX,step,group,BFIC,channel,value
0,85,6,1,0,0.16527291533053579+0.9627786056309283j
