TX_RX,step,group,BFIC,channel,value
1,0,11,1,1,0.09407334755931063+0.7550744716406473j
