TX_RX,step,group,BFIC,channel,value
1,170,13,2,0,0.8082673214962015+0.36151967896162374j
