TX_RX,step,group,BFIC,channel,value
0,170,11,2,2,0.49754179062623727+0.033630426314994355j
