TX_RX,step,group,BFIC,channel,value
1,0,13,0,2,0.4212811977768026+0.309191690179637j
