TX_RX,step,group,BFIC,channel,value
0,170,9,3,3,0.9074670551663518+0.5018289107409175j
