TX_RX,step,group,BFIC,channel,value
1,85,4,1,3,0.7721047555945104+0.4296350125350683j
