TX_RX,step,group,BFIC,channel,value
1,85,8,3,2,0.9301580619732094+0.2599771231111896j
