TX_RX,step,group,BFIC,channel,value
1,255,10,0,0,0.06625971232670735+0.5507455066316912j
