TX_RX,step,group,BFIC,channel,value
1,255,1,0,0,0.43397770550901915+0.9204253249324121j
