TX_RX,step,group,BFIC,channel,value
0,0,12,1,1,0.4593972881105096+0.47114610488047515j
