TX_RX,step,group,BFIC,channel,value
1,0,7,0,2,0.8550578273893793+0.40828941137480423j
