TX_RX,step,group,BFIC,channel,value
0,255,6,2,0,0.10086937991017653+0.3356173724281464j
