TX_RX,step,group,BFIC,channel,value
0,85,1,1,2,0.8229969250147371+0.1464591896696783j
