TX_RX,step,group,BFIC,channel,value
1,85,7,2,0,0.5185504560545725+0.4278246315006453j
