TX_RX,step,group,BFIC,channel,value
0,170,12,2,3,0.5987005924390814+0.7520408024199535j
