TX_RX,step,group,BFIC,channel,value
0,255,6,3,3,0.02228217867800908+0.41846245059744125j
