TX_RX,step,group,BFIC,channel,value
0,85,9,0,1,0.6693148942421466+0.7023139552994617j
