TX_RX,step,group,BFIC,channel,value
1,255,11,1,3,0.043502476127367906+0.9537104384185798j
