TX_RX,step,group,BFIC,channel,value
0,85,12,2,3,0.04398859445134995+0.8595468598852337j
