TX_RX,step,group,BFIC,channel,value
0,85,1,0,1,0.46178051963467115+0.16403843274786178j
