TX_RX,step,group,BFIC,channel,value
1,0,13,1,3,0.39487535425540554+0.2099825442649016j
