TX_RX,step,group,BFIC,channel,value
1,85,8,1,0,0.3551552253798358+0.43780689388133365j
