TX_RX,step,group,BFIC,channel,value
0,170,2,2,0,0.9720547321949443+0.35710677154620263j
