TX_RX,step,group,BFIC,channel,value
1,255,0,0,0,0.8964936042662859+0.37170682650513587j
