TX_RX,step,group,BFIC,channel,value
1,255,7,2,0,0.2094448210783666+0.44013673279251175j
