TX_RX,step,group,BFIC,channel,value
0,255,12,1,0,0.9737502960962852+0.37538781039137503j
