TX_RX,step,group,BFIC,channel,value
1,255,1,3,2,0.5926310057922121+0.8469463014618245j
