TX_RX,step,group,BFIC,channel,value
0,0,3,1,1,0.6655884554140196+0.5381992163666347j
