TX_RX,step,group,BFIC,channel,value
0,85,10,2,0,0.5695519853344532+0.7799059851633764j
