TX_RX,step,group,BFIC,channel,value
0,255,3,3,3,0.3191965059268783+0.1447886336727796j
