TX_RX,step,group,BFIC,channel,value
0,0,0,0,1,0.7807170773750581+0.12176315938252602j
