TX_RX,step,group,BFIC,channel,value
1,85,4,0,3,0.1473392029422198+0.5778290772437923j
