TX_RX,step,group,BFIC,channel,value
0,170,13,3,3,0.41243599339274606+0.5398816569863435j
