TX_RX,step,group,BFIC,channel,value
1,85,4,2,1,0.1207948030214856+0.7992018167952578j
