TX_RX,step,group,BFIC,channel,value
1,0,15,2,2,0.13819567538388433+0.9115122133232586j
