TX_RX,step,group,BFIC,channel,value
1,85,0,3,3,0.39215719209416744+0.40382129846231396j
