TX_RX,step,group,BFIC,channel,value
0,170,4,3,1,0.05016654404298648+0.3626571902489921j
