TX_RX,step,group,BFIC,channel,value
0,85,3,3,1,0.25346594289729774+0.6686676534456707j
