TX_RX,step,group,BFIC,channel,value
1,170,7,2,1,0.3397273096295652+0.6846875660931361j
