TX_RX,step,group,BFIC,channel,value
0,85,7,2,1,0.7114688021004701+0.15016843582985007j
