TX_RX,step,group,BFIC,channel,value
1,85,2,2,0,0.39363819867823013+0.6605275647029004j
