TX_RX,step,group,BFIC,channel,value
1,85,15,2,1,0.11264755417081052+0.6031922415679463j
