TX_RX,step,group,BFIC,channel,value
1,170,8,1,1,0.9819983778352438+0.998892400209384j
