TX_RX,step,group,BFIC,channel,value
0,255,1,0,3,0.6470089223564954+0.3785454889135129j
