TX_RX,step,group,BFIC,channel,value
0,85,8,0,0,0.045261315018645165+0.6570529399002845j
