TX_RX,step,group,BFIC,channel,value
0,0,13,3,3,0.7354477833895386+0.8285889743951595j
