TX_RX,step,group,BFIC,channel,value
0,255,8,0,1,0.22762035147417736+0.40974855691004985j
