TX_RX,step,group,BFIC,channel,value
1,255,6,0,1,0.8601978094491574+0.4365998288963997j
