TX_RX,step,group,BFIC,channel,value
0,85,14,0,2,0.9625241632531554+0.03980607805681702j
