TX_RX,step,group,BFIC,channel,value
0,0,6,2,0,0.9856792525842581+0.05323548195784156j
