TX_RX,step,group,BFIC,channel,value
0,0,2,0,1,0.5547331901794439+0.7119370600365004j
