TX_RX,step,group,BFIC,channel,value
0,0,4,1,0,0.0888760143170263+0.875451151641152j
