TX_RX,step,group,BFIC,channel,value
0,255,9,3,3,0.9568259574177329+0.2797335285733814j
