TX_RX,step,group,BFIC,channel,value
1,170,2,2,1,0.9126058365452651+0.7289983250505888j
