TX_RX,step,group,BFIC,channel,value
1,0,8,2,2,0.5816318370298384+0.7626568054899884j
