TX_RX,step,group,BFIC,channel,value
0,170,5,3,0,0.5276267984676165+0.5457607222987614j
