TX_RX,step,group,BFIC,channel,value
1,255,14,2,1,0.3180875293177545+0.2708589479869198j
