TX_RX,step,group,BFIC,channel,value
1,0,11,0,2,0.13754248278153391+0.3142801339365018j
