TX_RX,step,group,BFIC,channel,value
0,0,4,0,0,0.9169024749379577+0.30512665600781796j
