TX_RX,step,group,BFIC,channel,value
0,85,8,3,2,0.00482154609661678+0.20397653779470604j
