TX_RX,step,group,BFIC,channel,value
1,170,14,3,3,0.7181498152607719+0.8875746650841925j
