TX_RX,step,group,BFIC,channel,value
1,170,14,3,1,0.8814379601390573+0.6764749877423143j
