TX_RX,step,group,BFIC,channel,value
1,170,0,3,0,0.5980962051568732+0.09253439033261446j
