TX_RX,step,group,BFIC,channel,value
1,85,11,2,0,0.7372855208261089+0.6808739355443686j
