TX_RX,step,group,BFIC,channel,value
1,85,7,1,2,0.6264631183408315+0.15624074281858724j
