TX_RX,step,group,BFIC,channel,value
1,255,1,3,3,0.7675122726222146+0.8219228576284365j
