TX_RX,step,group,BFIC,channel,value
1,255,6,2,2,0.9895528961802578+0.06259147051843339j
