TX_RX,step,group,BFIC,channel,value
0,170,13,3,2,0.04880681678606946+0.7946857166511556j
