TX_RX,step,group,BFIC,channel,value
1,170,6,1,2,0.7685565793673855+0.675812160213213j
