TX_RX,step,group,BFIC,channel,value
1,255,6,1,1,0.08712033573857592+0.40225381886592493j
