TX_RX,step,group,BFIC,channel,value
1,0,6,2,3,0.5102611219333325+0.22724202861998244j
