TX_RX,step,group,BFIC,channel,value
1,85,6,2,1,0.4892436994731525+0.19456648294420542j
