TX_RX,step,group,BFIC,channel,value
0,0,6,1,0,0.7777333452543125+0.20184170767596454j
