TX_RX,step,group,BFIC,channel,value
0,85,4,0,3,0.84442922352258+0.040645907838570916j
