TX_RX,step,group,BFIC,channel,value
1,85,5,2,0,0.7438889194501555+0.2848937525020685j
