TX_RX,step,group,BFIC,channel,value
0,85,1,1,0,0.8128194203369641+0.24635768423830018j
