TX_RX,step,group,BFIC,channel,value
0,255,5,2,3,0.27972144468706894+0.9619197861275709j
