TX_RX,step,group,BFIC,channel,value
1,0,12,0,0,0.4540245273638771+0.1692755522474435j
