TX_RX,step,group,BFIC,channel,value
1,0,10,3,0,0.4758221476621729+0.23078658167008614j
