TX_RX,step,group,BFIC,channel,value
1,85,13,2,3,0.2183906932823152+0.4534818699574229j
