TX_RX,step,group,BFIC,channel,value
0,85,4,1,1,0.7601071670365817+0.7131048672209344j
