TX_RX,step,group,BFIC,channel,value
0,0,7,1,0,0.4174693751490539+0.35360822177346873j
