TX_RX,step,group,BFIC,channel,value
0,0,12,2,1,0.20402589696990547+0.5161026829414948j
