TX_RX,step,group,BFIC,channel,value
0,170,0,0,1,0.18161532988645523+0.7943800370047637j
