TX_RX,step,group,BFIC,channel,value
1,0,5,1,1,0.2328863207885794+0.661422769138833j
