TX_RX,step,group,BFIC,channel,value
1,255,7,2,1,0.7703880979032508+0.4727370454066846j
