TX_RX,step,group,BFIC,channel,value
0,0,4,0,1,0.17319952145994755+0.1030482717593032j
