TX_RX,step,group,BFIC,channel,value
1,255,10,3,2,0.8836535118872412+0.5885256663915918j
