TX_RX,step,group,BFIC,channel,value
1,255,11,1,1,0.9919395715688082+0.13082643647876502j
