TX_RX,step,group,BFIC,channel,value
1,0,6,1,3,0.819215680026525+0.4536497754820852j
