TX_RX,step,group,BFIC,channel,value
0,255,15,0,2,0.08803761184353875+0.16395140108098794j
