TX_RX,step,group,BFIC,channel,value
0,85,4,0,0,0.005811707289370194+0.5827219821547968j
