TX_RX,step,group,BFIC,channel,value
0,0,2,2,0,0.9807651219208062+0.6221905937471474j
