TX_RX,step,group,BFIC,channel,value
0,255,11,0,2,0.37604200240123886+0.8095688748817693j
