TX_RX,step,group,BFIC,channel,value
0,170,5,2,0,0.588323014902555+0.09034892422753205j
