TX_RX,step,group,BFIC,channel,value
0,0,13,2,0,0.08734183846290511+0.1354948758595539j
