TX_RX,step,group,BFIC,channel,value
1,85,2,1,3,0.8623132495871865+0.5144949820414398j
