TX_RX,step,group,BFIC,channel,value
1,255,8,0,3,0.11474849126435949+0.24113422214306401j
