TX_RX,step,group,BFIC,channel,value
1,0,7,0,3,0.2760593059821903+0.269423327722783j
