TX_RX,step,group,BFIC,channel,value
0,0,15,0,1,0.32799065996286436+0.13052202193431806j
