TX_RX,step,group,BFIC,channel,value
1,0,2,2,3,0.8219437726894067+0.8991122273549981j
