TX_RX,step,group,BFIC,channel,value
0,255,3,3,2,0.16822702209304163+0.9856760937962779j
