TX_RX,step,group,BFIC,channel,value
1,255,10,2,3,0.4316076105239013+0.4182279216158964j
