TX_RX,step,group,BFIC,channel,value
0,0,5,1,2,0.5061425872421959+0.14380655564502431j
