TX_RX,step,group,BFIC,channel,value
0,170,15,0,1,0.203403985358645+0.3179296637095227j
