TX_RX,step,group,BFIC,channel,value
0,85,5,2,0,0.4892872691324913+0.1288043599588562j
