TX_RX,step,group,BFIC,channel,value
1,0,4,2,1,0.5502528886429121+0.16581447846248198j
