TX_RX,step,group,BFIC,channel,value
0,0,5,1,1,0.7553747528854485+0.9335532069021899j
