TX_RX,step,group,BFIC,channel,value
1,170,8,3,2,0.8170980647626463+0.1737590992988508j
