TX_RX,step,group,BFIC,channel,value
1,170,6,3,1,0.25048771655316115+0.787141055092021j
