TX_RX,step,group,BFIC,channel,value
0,170,2,0,2,0.8706388767540636+0.023388184233280818j
