TX_RX,step,group,BFIC,channel,value
0,255,3,1,0,0.12843208255289962+0.9292699579039662j
