TX_RX,step,group,BFIC,channel,value
1,0,8,3,3,0.5233225385186383+0.3913138898080134j
