TX_RX,step,group,BFIC,channel,value
0,85,4,2,2,0.48927445901018674+0.9657381676952682j
