TX_RX,step,group,BFIC,channel,value
1,170,11,2,3,0.8881845352754199+0.5029996759008907j
