TX_RX,step,group,BFIC,channel,value
1,0,10,1,1,0.698309000172212+0.38218912889920276j
