TX_RX,step,group,BFIC,channel,value
0,255,1,0,2,0.054041266649653474+0.43989175699854455j
