TX_RX,step,group,BFIC,channel,value
1,85,12,2,1,0.2554623911540804+0.9358156058489078j
