TX_RX,step,group,BFIC,channel,value
1,255,13,3,0,0.016351136688869894+0.7330537797286213j
