TX_RX,step,group,BFIC,channel,value
0,0,12,1,0,0.011099522691736197+0.5673852334353963j
