TX_RX,step,group,BFIC,channel,value
1,170,3,2,2,0.11789729246412206+0.5320681021782036j
