TX_RX,step,group,BFIC,channel,value
0,85,1,3,0,0.1981211363394365+0.4217738176111877j
