TX_RX,step,group,BFIC,channel,value
1,170,11,3,0,0.32096170485815645+0.7069940080618858j
