TX_RX,step,group,BFIC,channel,value
1,85,15,3,2,0.93626827099788+0.23560933867324385j
