TX_RX,step,group,BFIC,channel,value
0,255,15,2,2,0.8408246616305669+0.9288746485226491j
