TX_RX,step,group,BFIC,channel,value
0,85,1,0,3,0.2145766117837895+0.5900346792265335j
