TX_RX,step,group,BFIC,channel,value
1,85,6,2,3,0.6881313321406992+0.5001380235247505j
