TX_RX,step,group,BFIC,channel,value
0,255,7,3,1,0.18064643085108156+0.23689665593183162j
