TX_RX,step,group,BFIC,channel,value
1,170,7,3,0,0.42716420636206076+0.8464344000023248j
