TX_RX,step,group,BFIC,channel,value
0,170,10,1,1,0.6925952164279677+0.1292718619580404j
