TX_RX,step,group,BFIC,channel,value
0,255,7,1,0,0.16352866415528233+0.39013097599017976j
