TX_RX,step,group,BFIC,channel,value
0,85,8,2,0,0.9980785861391415+0.16263176408511892j
