TX_RX,step,group,BFIC,channel,value
1,255,12,3,3,0.2763924659374236+0.7082898175634356j
