TX_RX,step,group,BFIC,channel,value
0,85,8,1,3,0.011647902841890545+0.006765080481488606j
