TX_RX,step,group,BFIC,channel,value
0,0,0,0,0,0.6413294405800962+0.3607287882972423j
