TX_RX,step,group,BFIC,channel,value
1,170,2,3,2,0.5234748148259614+0.24180702106883456j
