TX_RX,step,group,BFIC,channel,value
0,0,7,3,2,0.6506589768515585+0.7508596935978437j
