TX_RX,step,group,BFIC,channel,value
1,0,0,1,2,0.7751950000147297+0.6443222994485586j
