TX_RX,step,group,BFIC,channel,value
1,0,2,1,1,0.24984508264283822+0.13694727920678984j
