TX_RX,step,group,BFIC,channel,value
0,255,12,2,3,0.7749121974608595+0.8791877363866877j
