TX_RX,step,group,BFIC,channel,value
0,255,2,1,2,0.8193724429322078+0.582742397862107j
