TX_RX,step,group,BFIC,channel,value
1,85,11,1,3,0.08105205410359007+0.7320650366707384j
