TX_RX,step,group,BFIC,channel,value
0,85,9,3,0,0.671407510704314+0.4827998654727379j
