TX_RX,step,group,BFIC,channel,value
0,255,0,1,0,0.7027107305100969+0.5525608119942842j
