TX_RX,step,group,BFIC,channel,value
1,85,10,3,0,0.7713375826473555+0.9384514712284138j
