TX_RX,step,group,BFIC,channel,value
1,0,5,0,3,0.4174604538167088+0.9527616646572755j
