TX_RX,step,group,BFIC,channel,value
0,255,2,1,0,0.6407107753685827+0.5439477264551904j
