TX_RX,step,group,BFIC,channel,value
1,85,10,0,3,0.7632594885109176+0.15512251979866154j
