TX_RX,step,group,BFIC,channel,value
0,85,3,2,1,0.25961990580619654+0.8142624837104543j
