TX_RX,step,group,BFIC,channel,value
0,255,2,3,3,0.8251705266040829+0.2880314687973595j
