TX_RX,step,group,BFIC,channel,value
0,85,3,3,2,0.05855007093931319+0.1660083518301655j
