TX_RX,step,group,BFIC,channel,value
1,0,6,1,2,0.17721868319336198+0.7650670073835862j
