TX_RX,step,group,BFIC,channel,value
1,170,8,0,3,0.4818372815447638+0.5155505093526677j
