TX_RX,step,group,BFIC,channel,value
0,255,15,1,2,0.27328416701574065+0.08238262075633074j
