TX_RX,step,group,BFIC,channel,value
0,255,9,2,0,0.8456662092620062+0.9824855488758586j
