TX_RX,step,group,BFIC,channel,value
1,255,0,0,2,0.33629858643526156+0.44668878557906j
