TX_RX,step,group,BFIC,channel,value
0,0,15,2,3,0.08889190860919982+0.610548817231641j
