TX_RX,step,group,BFIC,channel,value
1,85,7,1,1,0.49366752811486525+0.9300367406603062j
