TX_RX,step,group,BFIC,channel,value
1,0,5,1,3,0.4618155132291728+0.30380496406362256j
