TX_RX,step,group,BFIC,channel,value
0,0,10,1,2,0.7595105406618443+0.4791265763003577j
