TX_RX,step,group,BFIC,channel,value
1,170,13,1,0,0.6967935390486074+0.751341579627661j
