TX_RX,step,group,BFIC,channel,value
0,85,8,2,3,0.8003113720268386+0.19302230474556414j
