TX_RX,step,group,BFIC,channel,value
0,0,9,3,3,0.3267770037985813+0.7231201376536974j
