TX_RX,step,group,BFIC,channel,value
1,85,11,2,1,0.5673933903607488+0.38885324913697117j
