TX_RX,step,group,BFIC,channel,value
0,0,12,0,1,0.01974946955868384+0.13870736232739211j
