TX_RX,step,group,BFIC,channel,value
1,255,9,3,0,0.025750901460434572+0.9269749436402219j
