TX_RX,step,group,BFIC,channel,value
1,170,10,1,0,0.8636419518321686+0.006614858543787738j
