TX_RX,step,group,BFIC,channel,value
0,85,3,1,3,0.006828364976245838+0.3828764620422025j
