TX_RX,step,group,BFIC,channel,value
0,85,13,2,0,0.5994580542999549+0.05668184810770227j
