TX_RX,step,group,BFIC,channel,value
1,0,5,3,2,0.803014821057123+0.9461203196051816j
