TX_RX,step,group,BFIC,channel,value
1,170,4,1,2,0.48669414960432655+0.6588779211503284j
