TX_RX,step,group,BFIC,channel,value
1,0,7,3,2,0.25159807563440717+0.060760548750574794j
