TX_RX,step,group,BFIC,channel,value
1,170,7,1,2,0.7141299453622001+0.472588033420578j
