TX_RX,step,group,BFIC,channel,value
1,170,15,0,0,0.5665192472126829+0.5946449354342823j
