TX_RX,step,group,BFIC,channel,value
0,85,6,3,1,0.315383986341914+0.8157535569885519j
