TX_RX,step,group,BFIC,channel,value
0,170,14,1,3,0.7280121035537187+0.6003585980196287j
