TX_RX,step,group,BFIC,channel,value
0,85,12,3,1,0.8636161894034+0.582417579250133j
