TX_RX,step,group,BFIC,channel,value
1,170,1,0,2,0.9178349553578501+0.986649361115264j
