TX_RX,step,group,BFIC,channel,value
0,0,15,3,1,0.26006854541017543+0.8434427766392734j
