TX_RX,step,group,BFIC,channel,value
1,170,5,3,1,0.3152147058837306+0.6269066575078235j
