TX_RX,step,group,BFIC,channel,value
1,0,15,2,1,0.009126859881588234+0.25193844883449734j
