TX_RX,step,group,BFIC,channel,value
0,0,12,3,1,0.12414343510866388+0.01922194626017326j
