TX_RX,step,group,BFIC,channel,value
1,85,11,1,1,0.5282073489508821+0.29532703179292974j
