TX_RX,step,group,BFIC,channel,value
1,170,2,1,3,0.7977932154151228+0.3627355894517811j
