TX_RX,step,group,BFIC,channel,value
0,255,6,1,2,0.6734441201622619+0.7106833011428461j
