TX_RX,step,group,BFIC,channel,value
1,85,14,3,0,0.7677332787836421+0.04243909397829404j
