TX_RX,step,group,BFIC,channel,value
1,255,11,2,2,0.06287411165839085+0.9734434583147111j
