TX_RX,step,group,BFIC,channel,value
0,170,15,3,2,0.5859542357656699+0.5107744442985466j
