TX_RX,step,group,BFIC,channel,value
1,255,9,1,0,0.4183462016854036+0.9253385717640069j
