TX_RX,step,group,BFIC,channel,value
0,170,12,1,2,0.7455708793212843+0.9235497082082419j
