TX_RX,step,group,BFIC,channel,value
0,85,15,3,0,0.6294520618633817+0.5801378404856375j
