TX_RX,step,group,BFIC,channel,value
1,0,6,3,2,0.7824123273016292+0.5362768578248817j
