TX_RX,step,group,BFIC,channel,value
1,170,8,0,1,0.8140549861571114+0.6644109376143096j
