TX_RX,step,group,BFIC,channel,value
0,255,4,2,1,0.7014442808187007+0.4038221262711855j
