TX_RX,step,group,BFIC,channel,value
0,0,7,3,0,0.6652856984513272+0.5841757843312947j
