TX_RX,step,group,BFIC,channel,value
0,0,4,2,1,0.010554998093098567+0.7683515089879092j
