TX_RX,step,group,BFIC,channel,value
0,255,11,3,1,0.9686871122724958+0.01913255301558059j
