TX_RX,step,group,BFIC,channel,value
0,0,2,0,3,0.5152871517622225+0.6947750569047664j
