TX_RX,step,group,BFIC,channel,value
1,0,3,0,0,0.8774556352003056+0.6892485470184184j
