TX_RX,step,group,BFIC,channel,value
0,170,5,1,2,0.2318679449967782+0.42856188969748565j
