TX_RX,step,group,BFIC,channel,value
0,255,3,3,1,0.5534191743943202+0.3170938524941921j
