TX_RX,step,group,BFIC,channel,value
1,170,2,1,2,0.5917489070979143+0.5504293975674187j
