TX_RX,step,group,BFIC,channel,value
0,0,13,1,3,0.25521888216730526+0.3091487073440551j
