TX_RX,step,group,BFIC,channel,value
1,255,1,1,1,0.04752609410903208+0.7745384234768967j
