TX_RX,step,group,BFIC,channel,value
1,0,1,1,2,0.48285476738661903+0.1810053549905084j
