TX_RX,step,group,BFIC,channel,value
1,170,9,1,3,0.2623810206186138+0.12810196432866616j
