TX_RX,step,group,BFIC,channel,value
1,85,6,3,0,0.2555969095555022+0.6976972854977357j
