TX_RX,step,group,BFIC,channel,value
1,0,13,1,2,0.7933341626676973+0.46660422860921313j
