TX_RX,step,group,BFIC,channel,value
0,0,11,1,0,0.4704528010371458+0.7018678101136246j
