TX_RX,step,group,BFIC,channel,value
1,0,2,3,1,0.3399873029110919+0.17299839121511817j
