TX_RX,step,group,BFIC,channel,value
1,255,0,1,3,0.13382336161439945+0.5629513684331007j
