TX_RX,step,group,BFIC,channel,value
1,0,14,0,0,0.7305777478710396+0.3802225203268804j
