TX_RX,step,group,BFIC,channel,value
1,255,13,1,0,0.3615851900992977+0.6821472300356034j
