TX_RX,step,group,BFIC,channel,value
1,170,9,1,0,0.005001393384830521+0.5919585356940706j
