TX_RX,step,group,BFIC,channel,value
1,255,1,1,0,0.706936797904138+0.02103992345761263j
