TX_RX,step,group,BFIC,channel,value
0,170,7,2,0,0.06820359326944314+0.21701555541598472j
