TX_RX,step,group,BFIC,channel,value
0,85,4,3,1,0.6090877562354838+0.04435028478634906j
