TX_RX,step,group,BFIC,channel,value
0,170,5,1,0,0.48604028590992476+0.5586825779266036j
