TX_RX,step,group,BFIC,channel,value
1,0,14,1,2,0.5284717567054166+0.546129807069422j
