TX_RX,step,group,BFIC,channel,value
0,170,11,1,3,0.6213665288711006+0.33523393711578664j
