TX_RX,step,group,BFIC,channel,value
1,170,1,1,2,0.26217690210710065+0.1260400636305341j
