TX_RX,step,group,BFIC,channel,value
1,255,14,2,0,0.7688285056602842+0.8838598792699046j
