TX_RX,step,group,BFIC,channel,value
1,85,5,2,3,0.661334123474564+0.8904076182417627j
