TX_RX,step,group,BFIC,channel,value
1,85,3,2,1,0.531327504026429+0.7852730300076864j
