TX_RX,step,group,BFIC,channel,value
0,0,9,0,2,0.46441791311566294+0.8554315669988187j
