TX_RX,step,group,BFIC,channel,value
0,170,0,0,3,0.4633927380877123+0.1506522949343867j
