TX_RX,step,group,BFIC,channel,value
0,170,10,2,1,0.8755345825105082+0.12660878426351296j
