TX_RX,step,group,BFIC,channel,value
1,85,3,3,2,0.17552492308618095+0.4463834456700083j
