TX_RX,step,group,BFIC,channel,value
1,170,9,3,1,0.2026746743772334+0.6959182303584883j
