TX_RX,step,group,BFIC,channel,value
0,85,1,2,3,0.04043219833017464+0.9484580622331652j
