TX_RX,step,group,BFIC,channel,value
1,255,5,1,2,0.6381708783319651+0.06453355316173448j
