TX_RX,step,group,BFIC,channel,value
1,0,7,3,1,0.2672384154241092+0.6986847618390727j
