TX_RX,step,group,BFIC,channel,value
0,255,1,2,2,0.10914038894633926+0.3132202278462751j
