TX_RX,step,group,BFIC,channel,value
1,0,10,2,0,0.2802859101789522+0.3480586806680971j
