TX_RX,step,group,BFIC,channel,value
1,0,11,2,0,0.37646621060828034+0.5694151816157336j
