TX_RX,step,group,BFIC,channel,value
0,170,5,3,1,0.019672572457376414+0.566964914434445j
