TX_RX,step,group,BFIC,channel,value
1,255,14,0,2,0.4873484339612161+0.06562409426581883j
