TX_RX,step,group,BFIC,channel,value
1,0,11,3,3,0.5132266795161259+0.4731178785031306j
