TX_RX,step,group,BFIC,channel,value
0,170,10,2,0,0.9508066568699044+0.9630476148823931j
