TX_RX,step,group,BFIC,channel,value
1,0,15,1,2,0.8234519034814649+0.9061118614741364j
