TX_RX,step,group,BFIC,channel,value
1,0,15,0,1,0.8864178731752573+0.07814395311003197j
