TX_RX,step,group,BFIC,channel,value
0,255,10,0,1,0.654167018192883+0.357613293650326j
