TX_RX,step,group,BFIC,channel,value
1,170,0,1,3,0.28994701819700297+0.3092425060081747j
