TX_RX,step,group,BFIC,channel,value
1,0,4,1,1,0.3967781744134369+0.48708271926469526j
