TX_RX,step,group,BFIC,channel,value
0,85,7,1,3,0.8906921081708544+0.08288288796835619j
