TX_RX,step,group,BFIC,channel,value
1,85,0,1,2,0.10506305644449532+0.032030003732246626j
