TX_RX,step,group,BFIC,channel,value
1,0,2,3,0,0.5324748652704601+0.5862100583789668j
