TX_RX,step,group,BFIC,channel,value
0,85,15,1,2,0.19667391596933992+0.49904527080294514j
