TX_RX,step,group,BFIC,channel,value
1,0,9,0,2,0.936784550927138+0.8807667116962107j
