TX_RX,step,group,BFIC,channel,value
1,255,2,1,2,0.23012097925500274+0.3940914934914316j
