TX_RX,step,group,BFIC,channel,value
1,0,3,2,3,0.3112894182704624+0.7147414535668128j
