TX_RX,step,group,BFIC,channel,value
1,85,14,0,0,0.2919004473954344+0.6397381258046371j
