TX_RX,step,group,BFIC,channel,value
1,170,3,0,3,0.37734025466807786+0.2876130443377827j
