TX_RX,step,group,BFIC,channel,value
1,85,12,3,3,0.7131642775494496+0.7000760632373406j
