TX_RX,step,group,BFIC,channel,value
0,255,6,3,2,0.16990665922109882+0.8998985918678986j
