TX_RX,step,group,BFIC,channel,value
1,170,5,0,0,0.6601429880132671+0.03688494701490941j
