TX_RX,step,group,BFIC,channel,value
0,255,4,1,2,0.7582215759211327+0.9614506200916958j
