TX_RX,step,group,BFIC,channel,value
1,170,11,3,2,0.4381701653086837+0.45038913454088814j
