TX_RX,step,group,BFIC,channel,value
0,170,12,3,0,0.2435527067578105+0.8553809386295965j
