TX_RX,step,group,BFIC,channel,value
1,85,9,3,1,0.9907901453167+0.508804531062475j
