TX_RX,step,group,BFIC,channel,value
0,255,8,2,1,0.8779792507131999+0.17600393959801697j
