TX_RX,step,group,BFIC,channel,value
0,255,8,3,1,0.16103286767324276+0.9431824806294501j
