TX_RX,step,group,BFIC,channel,value
1,170,5,2,2,0.1758121016285259+0.0021813663481875523j
