TX_RX,step,group,BFIC,channel,value
1,255,13,2,0,0.4002774634568568+0.8868134076603312j
