TX_RX,step,group,BFIC,channel,value
0,0,15,2,1,0.1775786846370131+0.4207375935345823j
