TX_RX,step,group,BFIC,channel,value
0,85,11,1,3,0.009690394239185718+0.1555909867998082j
