TX_RX,step,group,BFIC,channel,value
1,170,14,1,2,0.07740890375328258+0.2738523173259675j
