TX_RX,step,group,BFIC,channel,value
0,170,6,0,0,0.15845199433038237+0.04390110213263654j
