TX_RX,step,group,BFIC,channel,value
1,85,2,3,1,0.044117435770290925+0.8103250411462882j
