TX_RX,step,group,BFIC,channel,value
0,0,0,2,2,0.2534945247912347+0.1042789524921055j
