TX_RX,step,group,BFIC,channel,value
1,255,15,2,3,0.7941717234193526+0.4647384614155132j
