TX_RX,step,group,BFIC,channel,value
1,0,13,2,3,0.14791568659582133+0.595682549122308j
