TX_RX,step,group,BFIC,channel,value
0,0,1,2,1,0.462062561617941+0.5049142799912489j
