TX_RX,step,group,BFIC,channel,value
0,255,8,1,2,0.8672604141717709+0.45752394131460483j
