TX_RX,step,group,BFIC,channel,value
1,0,10,0,3,0.603231228863407+0.37141301305056806j
