TX_RX,step,group,BFIC,channel,value
1,170,4,0,3,0.13409496813537258+0.3676703744596165j
