TX_RX,step,group,BFIC,channel,value
0,0,9,0,1,0.85823189489054+0.9450245298845336j
