TX_RX,step,group,BFIC,channel,value
1,255,10,1,2,0.6634365829276413+0.7723185844213246j
