TX_RX,step,group,BFIC,channel,value
1,85,13,3,3,0.22388985325849042+0.11608905960710225j
