TX_RX,step,group,BFIC,channel,value
0,170,3,0,2,0.722613719927467+0.6030918005570997j
