TX_RX,step,group,BFIC,channel,value
0,255,3,2,0,0.6137665715284898+0.7484817966191715j
