TX_RX,step,group,BFIC,channel,value
1,170,6,2,1,0.25210963392192975+0.4348580137840854j
