TX_RX,step,group,BFIC,channel,value
1,170,9,2,1,0.3522350258444751+0.09804382560732183j
