TX_RX,step,group,BFIC,channel,value
1,255,1,2,2,0.890317172895598+0.07115363165310373j
