TX_RX,step,group,BFIC,channel,value
0,255,10,2,0,0.017344882288394592+0.8465635126661926j
