TX_RX,step,group,BFIC,channel,value
1,85,14,2,3,0.6055262360199659+0.20390630741505567j
