TX_RX,step,group,BFIC,channel,value
0,255,6,2,2,0.08822987302118523+0.8885937989892903j
