TX_RX,step,group,BFIC,channel,value
0,0,2,0,2,0.08730117650192581+0.649084319869083j
