TX_RX,step,group,BFIC,channel,value
0,0,11,2,2,0.19666036329854086+0.8644127176018936j
