TX_RX,step,group,BFIC,channel,value
1,255,15,2,2,0.5846082182989463+0.4251626590899029j
