TX_RX,step,group,BFIC,channel,value
0,85,0,3,3,0.16005875547878567+0.463143966122499j
