TX_RX,step,group,BFIC,channel,value
0,0,2,1,2,0.8732607748783235+0.22189211194531655j
