TX_RX,step,group,BFIC,channel,value
0,85,5,3,3,0.9028947174329969+0.869313415078239j
