TX_RX,step,group,BFIC,channel,value
1,85,9,1,3,0.3182865649988438+0.610035456081702j
