TX_RX,step,group,BFIC,channel,value
0,170,6,3,1,0.3535926966367877+0.3891430091317303j
