TX_RX,step,group,BFIC,channel,value
0,0,11,2,1,0.046872009667685566+0.11513146325971169j
