TX_RX,step,group,BFIC,channel,value
0,0,11,1,1,0.3927836343004617+0.8727051851347816j
