TX_RX,step,group,BFIC,channel,value
0,0,15,1,2,0.7386391053521391+0.6699557349208601j
