TX_RX,step,group,BFIC,channel,value
0,170,10,0,3,0.8979022910306335+0.014740596698984199j
