TX_RX,step,group,BFIC,channel,value
0,170,6,0,1,0.6539233400838145+0.7923592825164725j
