TX_RX,step,group,BFIC,channel,value
1,85,4,3,1,0.039425091062108564+0.466494249228265j
