TX_RX,step,group,BFIC,channel,value
1,0,10,2,3,0.5542855634432474+0.9029905068053197j
