TX_RX,step,group,BFIC,channel,value
1,170,5,1,0,0.09538394163348018+0.7711336373161496j
