TX_RX,step,group,BFIC,channel,value
1,170,14,2,1,0.7793553250571033+0.9718153560793117j
