TX_RX,step,group,BFIC,channel,value
0,0,5,0,2,0.40253132192845265+0.05368300509204749j
