TX_RX,step,group,BFIC,channel,value
1,255,2,2,0,0.9849293057296375+0.7332896792898989j
