TX_RX,step,group,BFIC,channel,value
0,85,5,3,2,0.8306538547846466+0.8300344721585842j
