TX_RX,step,group,BFIC,channel,value
1,85,10,3,3,0.14098180543612004+0.8440981021145083j
