TX_RX,step,group,BFIC,channel,value
1,85,7,0,0,0.6359965664447451+0.48884392062420634j
