TX_RX,step,group,BFIC,channel,value
0,85,12,2,1,0.8268651568943113+0.759374035296627j
