TX_RX,step,group,BFIC,channel,value
0,0,12,0,2,0.8601435705641295+0.7564707471873211j
