TX_RX,step,group,BFIC,channel,value
1,85,8,0,0,0.0734040844463969+0.057916809583661855j
