TX_RX,step,group,BFIC,channel,value
0,170,15,0,2,0.5407601200797596+0.6973727661092589j
