TX_RX,step,group,BFIC,channel,value
0,0,0,1,3,0.6571516780479875+0.06452777435524559j
