TX_RX,step,group,BFIC,channel,value
0,170,13,2,1,0.41102463714277704+0.44159626440428834j
