TX_RX,step,group,BFIC,channel,value
0,170,10,0,1,0.4953381492270573+0.9468962819863802j
