TX_RX,step,group,BFIC,channel,value
1,0,6,1,0,0.16528846438479183+0.6754051686860808j
