TX_RX,step,group,BFIC,channel,value
1,0,12,2,2,0.29479965253094464+0.5284718109470034j
