TX_RX,step,group,BFIC,channel,value
0,255,14,0,0,0.6859907905359888+0.7966343710561293j
