TX_RX,step,group,BFIC,channel,value
1,255,6,3,0,0.10595767033622316+0.6226674458506184j
