TX_RX,step,group,BFIC,channel,value
0,85,1,2,2,0.17827996254479817+0.5846995101142475j
