TX_RX,step,group,BFIC,channel,value
0,255,14,3,1,0.6518853258868431+0.09470424943407563j
