TX_RX,step,group,BFIC,channel,value
1,255,5,3,3,0.6410101794888541+0.04837463424722921j
