TX_RX,step,group,BFIC,channel,value
1,255,6,0,2,0.636467402360359+0.6421262576388869j
