TX_RX,step,group,BFIC,channel,value
0,170,14,2,0,0.27207271934065014+0.8331132285609938j
