TX_RX,step,group,BFIC,channel,value
1,255,15,1,1,0.48890976980908263+0.21700132607517397j
