TX_RX,step,group,BFIC,channel,value
1,0,3,3,2,0.5556637929422346+0.6665090461110975j
