TX_RX,step,group,BFIC,channel,value
1,255,9,0,0,0.8485082686839117+0.2376655980735669j
