TX_RX,step,group,BFIC,channel,value
1,170,6,1,0,0.2147476547728907+0.39193878390909986j
