TX_RX,step,group,BFIC,channel,value
0,255,13,1,3,0.46203957401085594+0.4327200325980828j
