TX_RX,step,group,BFIC,channel,value
0,0,15,0,0,0.062439472771971705+0.5755603732750225j
