TX_RX,step,group,BFIC,channel,value
0,170,4,1,3,0.42658277596542427+0.35265878545059026j
