TX_RX,step,group,BFIC,channel,value
0,85,0,2,0,0.9428943309875788+0.7653678159163697j
