TX_RX,step,group,BFIC,channel,value
0,255,14,3,0,0.029290348341041827+0.39950091066530513j
