TX_RX,step,group,BFIC,channel,value
1,85,14,3,1,0.5061426962124921+0.31061016877000225j
