TX_RX,step,group,BFIC,channel,value
0,85,7,2,0,0.42993490332504347+0.23992205853542004j
