TX_RX,step,group,BFIC,channel,value
0,170,11,2,3,0.15056633683662002+0.4249064938856919j
