TX_RX,step,group,BFIC,channel,value
1,0,15,0,0,0.6166216264362614+0.9346009547376929j
