TX_RX,step,group,BFIC,channel,value
0,0,11,0,2,0.15452016108259348+0.7371850976204032j
