TX_RX,step,group,BFIC,channel,value
0,255,12,3,0,0.606474449813076+0.9692156392652247j
