TX_RX,step,group,BFIC,channel,value
0,85,2,2,2,0.11807300495710793+0.42283397136043355j
