TX_RX,step,group,BFIC,channel,value
1,170,2,3,0,0.24239865463139076+0.5549365266564349j
