TX_RX,step,group,BFIC,channel,value
0,255,7,2,2,0.7485780466152395+0.8325458630228595j
