TX_RX,step,group,BFIC,channel,value
1,0,7,2,2,0.14296541668691942+0.4059029240208444j
