TX_RX,step,group,BFIC,channel,value
1,0,0,1,3,0.27631201533933125+0.9919605089750402j
