TX_RX,step,group,BFIC,channel,value
0,85,4,2,1,0.48758696915774535+0.9306389767143656j
