TX_RX,step,group,BFIC,channel,value
1,0,11,1,0,0.0993676167804276+0.782579402338454j
