TX_RX,step,group,BFIC,channel,value
1,255,10,2,0,0.9504656925908841+0.8014317612261577j
