TX_RX,step,group,BFIC,channel,value
0,85,6,2,2,0.060979916160004644+0.6052932666341676j
