TX_RX,step,group,BFIC,channel,value
1,170,8,2,1,0.32727053287654884+0.7696617617608714j
