TX_RX,step,group,BFIC,channel,value
1,170,4,2,1,0.6440002558128257+0.7930589278399642j
