TX_RX,step,group,BFIC,channel,value
0,170,11,2,1,0.1619039574799096+0.5501702367045722j
