TX_RX,step,group,BFIC,channel,value
1,170,7,0,1,0.46055169515005956+0.03452329295804024j
