TX_RX,step,group,BFIC,channel,value
0,85,12,0,1,0.26164927094371926+0.9867743165451905j
