TX_RX,step,group,BFIC,channel,value
0,255,7,2,0,0.7566052200202773+0.15299405693006363j
