TX_RX,step,group,BFIC,channel,value
1,255,12,1,3,0.9935040662365+0.8602693300203443j
