TX_RX,step,group,BFIC,channel,value
0,85,10,0,2,0.5765949017467652+0.8959810613586566j
