TX_RX,step,group,BFIC,channel,value
1,255,10,0,3,0.27145059582992626+0.6909421342623459j
