TX_RX,step,group,BFIC,channel,value
1,255,9,2,2,0.7578954731332+0.5851381139443459j
