TX_RX,step,group,BFIC,channel,value
1,255,10,0,2,0.3878569570216649+0.4080597885560834j
