TX_RX,step,group,BFIC,channel,value
0,255,2,2,1,0.5523936731743065+0.17789685683482237j
