TX_RX,step,group,BFIC,channel,value
1,255,1,2,0,0.6553598158441962+0.3012724294745456j
