TX_RX,step,group,BFIC,channel,value
0,255,12,2,2,0.9695540255736576+0.6383052560318587j
