TX_RX,step,group,BFIC,channel,value
0,85,2,3,3,0.5842290289476282+0.6009909891617147j
