TX_RX,step,group,BFIC,channel,value
1,0,15,2,3,0.4997787202789933+0.7777518969770387j
