TX_RX,step,group,BFIC,channel,value
1,170,1,2,0,0.3770185598252741+0.8276229952681121j
