TX_RX,step,group,BFIC,channel,value
1,85,9,1,1,0.7900346906926632+0.7210801128766661j
